channel,followers,tier,cluster,persona,average_viewers,engagement_rate,growth_rate,is_mega
xQcOW,3246298,Ultra,2,Viral Rockets,27716,0.0085377251256662,8.05951219512195,1
summit1g,5310163,Ultra,1,Steady Mainstream,25610,0.0048228274725276,6.467860936061744,1
Gaules,1767635,Mega,4,Grinding Warriors,10976,0.0062094267198827,1.9868401645707188,1
ESL_CSGO,3944850,Ultra,4,Grinding Warriors,7714,0.0019554609173986,1.359728821416155,1
Tfue,8938903,Ultra,2,Viral Rockets,29602,0.0033115920376359,16.726702248099627,1
Asmongold,1563438,Mega,2,Viral Rockets,42414,0.0271286741143556,6.737186968149769,1
NICKMERCS,4074287,Ultra,2,Viral Rockets,24181,0.0059350261775864,7.997240873234269,1
Fextralife,508816,Large,0,Loyal Cultivators,18985,0.0373121128266406,2.877019305541468,0
loltyler1,3530767,Ultra,0,Loyal Cultivators,22381,0.0063388493208416,7.769858763980733,1
Anomaly,2607076,Mega,1,Steady Mainstream,12377,0.0047474642089451,16.50181955211025,1
TimTheTatman,5265659,Ultra,2,Viral Rockets,25664,0.0048738439006399,11.43906048906049,1
LIRIK,2666382,Mega,0,Loyal Cultivators,21739,0.0081529953322517,1.5493579266869018,1
Riot Games (riotgames),4487489,Ultra,1,Steady Mainstream,20960,0.0046707635383618,6.1578569660975,1
Rubius,5751354,Ultra,2,Viral Rockets,42948,0.0074674589670536,65.56039468039468,1
auronplay,3983847,Ultra,2,Viral Rockets,53986,0.0135512232271972,97.75785582255084,1
MontanaBlack88,2911316,Mega,2,Viral Rockets,33514,0.0115116325400609,16.25469441984057,1
sodapoppin,2786162,Mega,1,Steady Mainstream,19659,0.0070559429064067,2.0482112657733835,1
풍월량 (hanryang1125),494445,Elite,0,Loyal Cultivators,12201,0.0246761520492673,0.5087733818904155,0
alanzoka,3445134,Ultra,2,Viral Rockets,19560,0.0056775730639214,12.769345668304904,1
CohhCarnage,1264808,Mega,0,Loyal Cultivators,11343,0.0089681595941834,0.7090224276664955,1
Lord_Kebun,434200,Elite,0,Loyal Cultivators,12367,0.0284822662367572,0.8926294561540463,0
LCK_Korea,619382,Large,2,Viral Rockets,39848,0.0643350953046746,5.39013206550449,0
Castro_1021,2411995,Mega,1,Steady Mainstream,17779,0.0073710766398769,5.494965823479519,1
DrDisrespect,4450718,Ultra,2,Viral Rockets,23794,0.0053461037073119,11.2913706973243,1
TheRealKnossi,1260160,Mega,2,Viral Rockets,24595,0.0195173628745556,19.3186752365649,1
TheGrefg,3795667,Ultra,2,Viral Rockets,28887,0.0076105201009466,65.50143104548354,1
YoDa,1792625,Mega,1,Steady Mainstream,12868,0.0071782999790809,2.823880597014925,1
Pestily,616168,Large,1,Steady Mainstream,8481,0.0137641032965035,3.762415039768619,0
한동숙 (handongsuk),385250,Elite,0,Loyal Cultivators,12869,0.0334042829331602,0.5758479051754489,0
GamesDoneQuick,1724316,Mega,1,Steady Mainstream,6734,0.0039053166588954,1.2975300171526587,1
Solary,493207,Elite,4,Grinding Warriors,3187,0.0064617898772726,0.2950997923989229,0
Gotaga,2401580,Mega,1,Steady Mainstream,10750,0.0044762198219505,4.4617469560614085,1
MOONMOON,923448,Large,0,Loyal Cultivators,11220,0.0121501156535072,0.7681745267885788,0
DrLupo,4115083,Ultra,1,Steady Mainstream,8311,0.0020196433461973,3.2944299390774585,1
OgamingLoL,523758,Large,4,Grinding Warriors,3020,0.0057660217123175,0.2333534560821008,0
Myth,6726893,Ultra,1,Steady Mainstream,9396,0.0013967815453583,10.550690115761354,1
Evelone192,1075101,Mega,1,Steady Mainstream,16422,0.0152748439448944,9.95582459944585,1
nl_Kripp,1379123,Mega,0,Loyal Cultivators,9256,0.0067115115910618,0.6208858526572373,1
LEC,973727,Large,2,Viral Rockets,28830,0.0296078880425416,12.075010950503724,0
dota2mc_ru,428284,Elite,1,Steady Mainstream,19495,0.0455188613163228,2.350521184851893,0
Fresh,3135667,Ultra,1,Steady Mainstream,9728,0.0031023702453098,12.699356630096169,1
LCS,1162746,Mega,2,Viral Rockets,46459,0.0399562759192463,16.907437751004014,1
ROSHTEIN,381918,Elite,0,Loyal Cultivators,11717,0.0306793604909954,2.036799865540569,0
ibai,1894953,Mega,2,Viral Rockets,22837,0.0120514862373895,27.720183406869108,1
TFBlade,1008040,Mega,0,Loyal Cultivators,9117,0.0090442839569858,3.1860848639275225,1
Sardoche,746865,Large,1,Steady Mainstream,8066,0.0107998098719313,2.2550491673516606,0
LCK,934688,Large,2,Viral Rockets,36030,0.0385476223081926,8.28898761443188,0
Yassuo,1878416,Mega,1,Steady Mainstream,10531,0.0056063193669559,6.640267552090852,1
HasanAbi,470123,Elite,1,Steady Mainstream,6543,0.0139176343212308,1.7607460219053523,0
BeyondTheSummit,923689,Large,4,Grinding Warriors,2635,0.0028526917609714,0.227583749109052,0
Dota2RuHub,777510,Large,1,Steady Mainstream,13189,0.0169631258761945,1.3695855034722222,0
Bugha,2942212,Mega,2,Viral Rockets,12982,0.004412326508083,22.103762317109585,1
RocketLeague,1409120,Mega,2,Viral Rockets,36086,0.0256088906551606,12.286851520572451,1
csgomc_ru,492954,Elite,1,Steady Mainstream,17020,0.0345265481160513,5.741786928356103,0
Clix,2035180,Mega,2,Viral Rockets,12996,0.0063856759598659,18.80484625668449,1
Gorgc,391726,Elite,1,Steady Mainstream,8683,0.0221660037883622,0.9702979416870372,0
서새봄냥 (saddummy),580794,Large,0,Loyal Cultivators,6681,0.0115032180084505,0.5354341506225659,0
NoWay4u_Sir,383892,Elite,0,Loyal Cultivators,8479,0.0220869411188563,0.7778158947970268,0
RiotGamesBrazil,1011924,Mega,2,Viral Rockets,25918,0.0256125954123036,8.491034662496743,1
JLTomy,428073,Elite,0,Loyal Cultivators,10053,0.0234843122551527,2.2850356098966698,0
SolaryFortnite,1478270,Mega,4,Grinding Warriors,3180,0.002151163183992,1.1714697368593396,1
ONSCREEN,918654,Large,1,Steady Mainstream,4134,0.0045000620472996,4.9625444839857655,0
AdmiralBahroo,778055,Large,0,Loyal Cultivators,8152,0.0104774084094312,0.5130939735146236,0
Quin69,538532,Large,1,Steady Mainstream,6616,0.0122852495302043,0.5041602111665806,0
Trymacs,1607134,Mega,0,Loyal Cultivators,10735,0.0066795923675312,5.395708194289952,1
dasMEHDI,299048,Elite,1,Steady Mainstream,5013,0.0167631952061207,0.3307973127686691,0
sneakylol,1659108,Mega,0,Loyal Cultivators,6775,0.0040835195779901,1.0516110586957144,1
NickEh30,1660204,Mega,1,Steady Mainstream,9702,0.0058438601521258,12.262713661619374,1
fps_shaka,303671,Elite,1,Steady Mainstream,5195,0.0171073299722396,0.5991215839375349,0
LVPes,587677,Large,1,Steady Mainstream,12947,0.0220308094412406,1.7472955145118734,0
Vader,424374,Elite,0,Loyal Cultivators,5913,0.0139334643498423,0.3129649222755758,0
forsen,1308165,Mega,0,Loyal Cultivators,10080,0.0077054500005733,1.5099138720908925,1
Papaplatte,919026,Large,0,Loyal Cultivators,8546,0.009298975219417,4.404293110314616,0
StarLadder_cs_en,820675,Large,2,Viral Rockets,29956,0.0365016602187223,7.937743309002433,0
Symfuhny,2355063,Mega,1,Steady Mainstream,7327,0.0031111694251915,5.126106259097526,1
DreamHackCS,1801697,Mega,4,Grinding Warriors,5001,0.0027757164495472,0.8771086635197635,1
Mizkif,591653,Large,0,Loyal Cultivators,7899,0.0133507309182916,2.96704840805718,0
Rainbow6,1501197,Mega,1,Steady Mainstream,11535,0.007683868273118,5.206870599660112,1
stylishnoob4,354579,Elite,0,Loyal Cultivators,8485,0.0239297871560357,1.0466016959878497,0
Maximilian_DOOD,833047,Large,0,Loyal Cultivators,9235,0.0110858090840012,1.2104234823700473,0
Trainwreckstv,728097,Large,1,Steady Mainstream,7134,0.0097981450273795,2.5600336870473304,0
dota2ti,663297,Large,3,Unicorns,147643,0.2225895790271929,19.22755344418052,0
GRONKH,1216020,Mega,1,Steady Mainstream,17860,0.0146872584332494,3.5135877024430413,1
SypherPK,3611359,Ultra,1,Steady Mainstream,6553,0.0018145523610363,7.699297665771534,1
ZeratoR,880728,Large,1,Steady Mainstream,10516,0.0119401222624919,2.83006120527307,0
SilverName,614395,Large,0,Loyal Cultivators,10618,0.0172820416832819,1.1342849673202615,0
Sacriel,672403,Large,1,Steady Mainstream,5573,0.0082881843180354,0.8359606364388853,0
dakotaz,4520305,Ultra,1,Steady Mainstream,7112,0.0015733451614437,3.689250838894544,1
Stray228,773712,Large,0,Loyal Cultivators,10290,0.0132995223028723,2.106517333333333,0
AdmiralBulldog,694253,Large,0,Loyal Cultivators,6198,0.0089275811555729,0.429545674706965,0
pokimane,5367605,Ultra,2,Viral Rockets,16026,0.0029856891481396,36.91409609769047,1
lestream,883706,Large,1,Steady Mainstream,3652,0.0041325961349136,0.4894334931628485,0
ybicanoooobov,523512,Large,0,Loyal Cultivators,8255,0.0157685019636608,0.8882237615997909,0
Method,401400,Elite,1,Steady Mainstream,4135,0.0103014449427005,0.5720446869316705,0
Nightblue3,2641880,Mega,0,Loyal Cultivators,7234,0.0027382015837206,1.4719280551353169,1
EsfandTV,471970,Elite,1,Steady Mainstream,4393,0.0093077949869695,1.1426961834483853,0
shroud,7744066,Ultra,2,Viral Rockets,29612,0.0038238310468944,27.56570767195767,1
NOBRU,1549722,Mega,2,Viral Rockets,22070,0.0142412639170122,36.21883326865865,1
buster,1087377,Mega,2,Viral Rockets,14195,0.0130543500552246,17.74269331309554,1
Scarra,1242014,Mega,0,Loyal Cultivators,6060,0.0048791720544212,2.407415437987858,1
Baiano,425797,Elite,1,Steady Mainstream,9229,0.0216746477781665,4.23180759375728,0
괴물쥐123 (tmxk319),427926,Elite,1,Steady Mainstream,7173,0.0167622439393726,3.1570962199312715,0
WePlayEsport_RU,346934,Elite,1,Steady Mainstream,8627,0.0248664011022269,2.615219963429063,0
elded,2601858,Mega,1,Steady Mainstream,7699,0.0029590392711669,9.99118442401298,1
LPL,502467,Large,1,Steady Mainstream,17573,0.0349734410418992,5.752855531631293,0
juansguarnizo,1204773,Mega,1,Steady Mainstream,6039,0.0050125625325268,7.64485377282275,1
Rakin,1258173,Mega,1,Steady Mainstream,5333,0.0042386857769162,3.579323230226282,1
SolaryHS,149073,Elite,4,Grinding Warriors,1802,0.0120880374044931,0.0782193820438416,0
Cellbit,1293451,Mega,1,Steady Mainstream,8264,0.0063891094444242,5.30596052184878,1
dota2ti_ru,541644,Large,3,Unicorns,126232,0.2330534446979935,17.504116222760292,0
uzra,185506,Elite,0,Loyal Cultivators,3683,0.0198538052677541,0.1425006585722154,0
OverwatchLeague,1796619,Mega,2,Viral Rockets,33132,0.0184413055856583,3.3986111111111112,1
Thijs,755116,Large,0,Loyal Cultivators,7180,0.0095084728703934,0.6305831493745401,0
Swagg,784966,Large,1,Steady Mainstream,6309,0.0080372907871168,6.6720369088812,0
TeePee,520519,Large,1,Steady Mainstream,4410,0.0084723132104687,1.4014293276866068,0
LVNDMARK,248829,Elite,1,Steady Mainstream,3688,0.0148214235478983,1.225457737647354,0
Agraelus,414951,Elite,1,Steady Mainstream,4642,0.0111868630272008,0.7794295490074624,0
BLASTPremier,501371,Large,2,Viral Rockets,24689,0.0492429757604648,12.50633412509897,0
cloakzy,2138294,Mega,1,Steady Mainstream,6743,0.0031534484967923,5.489397068948559,1
aceu,859439,Large,0,Loyal Cultivators,6328,0.0073629425706769,6.463398941798942,0
蝦愛橘子 (shuteye_orange),85247,Elite,4,Grinding Warriors,2217,0.0260067802972538,0.0906591805114516,0
Elraenn,1223076,Mega,0,Loyal Cultivators,13224,0.0108120836317612,13.156950146627564,1
Elajjaz,346566,Elite,0,Loyal Cultivators,4922,0.0142022010237588,0.259908750986244,0
CDNThe3rd,2009972,Mega,1,Steady Mainstream,4919,0.0024472977733023,1.2489127196901997,1
POW3Rtv,1080764,Mega,1,Steady Mainstream,3836,0.0035493410217216,2.7831014419428284,1
IzakOOO,1461767,Mega,1,Steady Mainstream,4463,0.0030531541620518,2.2178376495180583,1
DreadzTV,675908,Large,1,Steady Mainstream,6249,0.0092453410819223,0.5235634540897699,0
따효니 (ddahyoni),322895,Elite,0,Loyal Cultivators,4534,0.0140417163474194,0.3079536882154219,0
WePlayEsport_EN,175061,Elite,1,Steady Mainstream,6127,0.0349992288402328,1.273646108868161,0
ElmiilloR,426716,Elite,1,Steady Mainstream,5163,0.0120993822589263,1.5054676658340271,0
Squeezie,2149306,Mega,2,Viral Rockets,19260,0.0089610320726783,29.409840470193117,1
allkeyshop_tv,67472,Elite,4,Grinding Warriors,1361,0.0201713303296182,0.0553115471093726,0
Domingo,829700,Large,1,Steady Mainstream,11423,0.0137676268530794,4.212772443225118,0
PlayHearthstone,825727,Large,0,Loyal Cultivators,13154,0.0159302045349128,0.9487553126897388,0
ESL_DOTA2,337177,Elite,1,Steady Mainstream,4714,0.013980787538889,0.4307485495967171,0
Kitboga,772055,Large,0,Loyal Cultivators,7394,0.0095770379053305,4.109782070331847,0
DansGaming,817365,Large,1,Steady Mainstream,3270,0.0040006606595584,0.1568549032154855,0
老皮 (mobilmobil),446426,Elite,0,Loyal Cultivators,5303,0.0118787884218213,0.2724548049476689,0
Destiny,571183,Large,1,Steady Mainstream,3894,0.0068174297904524,0.711119306656832,0
우왁굳 (woowakgood),591500,Large,0,Loyal Cultivators,4100,0.006931530008453,1.3067359143846395,0
RATIRL,423002,Elite,0,Loyal Cultivators,4420,0.0104491231719944,1.7169803516028956,0
bratishkinoff,1128907,Mega,1,Steady Mainstream,10626,0.0094126442656481,6.402960769800148,1
Yogscast,961860,Large,4,Grinding Warriors,1384,0.0014388788389162,0.2881411775325525,0
앰비션_ (lol_ambition),362297,Elite,1,Steady Mainstream,5332,0.0147172071532471,0.956645946303399,0
jukes,1327059,Mega,0,Loyal Cultivators,8165,0.0061527030825306,4.6155733959924286,1
木棉花官方頻道 (muse_tw),121053,Elite,4,Grinding Warriors,1397,0.0115403996596532,0.270799610437586,0
Shlorox,331632,Elite,0,Loyal Cultivators,5216,0.0157282771264534,0.6742671854734111,0
coscu,1865296,Mega,1,Steady Mainstream,8919,0.0047815467357459,13.754082426127528,1
dogdog,594239,Large,0,Loyal Cultivators,5856,0.0098546207838933,0.4872018193254947,0
chocoTaco,1134153,Mega,1,Steady Mainstream,3846,0.0033910768652906,1.555686128209911,1
Locklear,824676,Large,1,Steady Mainstream,5512,0.0066838370463066,4.324730290456431,0
餐餐自由配 (blusewilly_retry),374480,Elite,0,Loyal Cultivators,5941,0.0158646656697286,0.4254489379694573,0
Amouranth,1707804,Mega,1,Steady Mainstream,2560,0.0014990010563273,2.2653824892630863,1
UberHaxorNova,421256,Elite,0,Loyal Cultivators,3247,0.0077079020832937,0.3587084363836219,0
Sfory,457502,Elite,1,Steady Mainstream,3197,0.0069879475936717,6.119024323957059,0
Giantwaffle,878934,Large,1,Steady Mainstream,3429,0.0039013168224235,0.0926385742334994,0
ZanoXVII,514866,Large,0,Loyal Cultivators,6073,0.011795302078599,3.373331244124099,0
침착맨 (zilioner),465887,Elite,1,Steady Mainstream,5843,0.0125416678293234,1.2456404736275566,0
SkipNhOLIVE,324765,Elite,4,Grinding Warriors,1196,0.0036826628485212,0.5443184666125329,0
Kamet0,565661,Large,1,Steady Mainstream,4560,0.0080613653760821,1.6989052212524882,0
MYM_ALKAPONE,770535,Large,0,Loyal Cultivators,5948,0.0077193119066622,1.5721455586220996,0
김진우 (jinu6734),274875,Elite,0,Loyal Cultivators,4710,0.0171350613915416,0.7422189312600271,0
imaqtpie,2652018,Mega,1,Steady Mainstream,3478,0.0013114541454846,0.3009270889407261,1
x2Twins,1288969,Mega,1,Steady Mainstream,4167,0.0032328163051244,8.235404986281761,1
C_a_k_e,302633,Elite,0,Loyal Cultivators,4403,0.014548975161334,0.3544423877834336,0
SmiteGame,535211,Large,4,Grinding Warriors,1588,0.002967054115106,0.2141459940997805,0
RatedEpicz,134757,Elite,0,Loyal Cultivators,3336,0.0247556713194861,0.4219020009095043,0
wtcN,1852272,Mega,1,Steady Mainstream,7438,0.004015608938644,7.316792660076242,1
Anton,207484,Elite,1,Steady Mainstream,3199,0.0154180563320545,0.8961438869060117,0
benjyfishy,1739112,Mega,2,Viral Rockets,14423,0.0082933129091168,42.36617176128093,1
StarLadder5,1029203,Mega,1,Steady Mainstream,13089,0.0127176077022705,2.5022653721682846,1
Reborn_Live,697007,Large,2,Viral Rockets,17488,0.0250901353931883,21.26205607476636,0
CasinoDaddy,151098,Elite,0,Loyal Cultivators,2168,0.0143483037498841,0.1595722804852971,0
H2P_Gucio,220488,Elite,0,Loyal Cultivators,3581,0.0162412466891622,0.4953574480205069,0
Xayoo_,572789,Large,0,Loyal Cultivators,6091,0.0106339332633832,2.356980056980057,0
Jinnytty,372334,Elite,0,Loyal Cultivators,3607,0.0096875386078091,1.404940223298093,0
KendineMuzisyen,1372290,Mega,0,Loyal Cultivators,9583,0.0069832178329653,8.308309847126143,1
Jahrein,1422862,Mega,0,Loyal Cultivators,8929,0.0062753801844451,3.994377120698013,1
Mathil1,293595,Elite,1,Steady Mainstream,3953,0.0134641257514603,0.4972126340793527,0
Greekgodx,1278824,Mega,1,Steady Mainstream,7083,0.0055386824144682,4.491704273218564,1
Brunenger,659652,Large,1,Steady Mainstream,2844,0.0043113641738371,3.5451603220084595,0
ClassyBeef,108623,Elite,1,Steady Mainstream,1941,0.0178691437356729,0.3240188555141416,0
Diegosaurs,521201,Large,1,Steady Mainstream,4150,0.007962379197277,2.1018432104526363,0
BobRoss,1519266,Mega,1,Steady Mainstream,2175,0.0014316123707105,0.9087991261789232,1
Nick28T,977377,Large,1,Steady Mainstream,3024,0.0030939954592751,0.4249918327344005,0
녹두로 (nokduro),165823,Elite,0,Loyal Cultivators,4040,0.0243633271620945,0.6796260752114879,0
GMHikaru,505361,Large,1,Steady Mainstream,7155,0.014158195824371,6.217877258430254,0
SkipNhO,1076499,Mega,1,Steady Mainstream,3875,0.0035996317692817,2.142932056543548,1
jovirone,1089830,Mega,1,Steady Mainstream,5632,0.0051677784608608,3.116070502851218,1
Chap,1272899,Mega,1,Steady Mainstream,3430,0.0026946364165577,1.7387159224348598,1
김도 (kimdoe),287639,Elite,0,Loyal Cultivators,4062,0.0141218680359756,0.0745416157350816,0
RebirthzTV,276694,Elite,0,Loyal Cultivators,4629,0.0167296724901877,0.6436764211234444,0
Klean,276242,Elite,1,Steady Mainstream,2801,0.0101396601530542,0.9107396597977654,0
接接 (godjj),331744,Elite,0,Loyal Cultivators,4378,0.0131969229285231,0.152519632216566,0
Gladd,337972,Elite,1,Steady Mainstream,2779,0.0082225746511545,0.9195595665761266,0
CSRuHub,511431,Large,1,Steady Mainstream,5044,0.0098625229991924,1.0921626984126984,0
CriticalRole,571210,Large,2,Viral Rockets,17689,0.0309675951051277,11.13,0
Vinesauce,442493,Elite,0,Loyal Cultivators,6125,0.0138420268795212,0.9288627722087798,0
울프 (lol_woolf),308528,Elite,1,Steady Mainstream,9633,0.0312224498262718,2.775427224513848,0
Mithrain,1258713,Mega,1,Steady Mainstream,4990,0.0039643667778119,3.515302255069168,1
EWROON,514693,Large,0,Loyal Cultivators,5172,0.0100487086476792,2.2924778979601914,0
ludwig,542580,Large,1,Steady Mainstream,5368,0.0098934719304065,5.340618556701031,0
RduLIVE,234884,Elite,0,Loyal Cultivators,3953,0.0168295839648507,0.4905793688177108,0
Hiko,1001350,Mega,1,Steady Mainstream,5268,0.0052608977879862,6.023096717504551,1
FENGRUSH,95643,Elite,0,Loyal Cultivators,4985,0.0521209079598088,0.2314795487301824,0
Chess,326118,Elite,1,Steady Mainstream,5767,0.0176837831705088,1.8816591392825623,0
72hrs,1024814,Mega,1,Steady Mainstream,3756,0.0036650553173551,2.308830531443431,1
TwitchRivals,999480,Large,2,Viral Rockets,14509,0.0145165486052747,17.636000547120776,0
狂暴小建 (a541021),207369,Elite,0,Loyal Cultivators,3105,0.014973308450154,0.1081975086297463,0
hashinshin,570621,Large,1,Steady Mainstream,2483,0.0043513996155066,0.8316662765597774,0
JoshOG,1748928,Mega,1,Steady Mainstream,2957,0.0016907499908515,0.7582046453232894,1
B0aty,516113,Large,1,Steady Mainstream,3152,0.0061071897045801,0.3278576860761167,0
AustinShow,840624,Large,2,Viral Rockets,24739,0.0294293286891642,18.03123809523809,0
39daph,505362,Large,0,Loyal Cultivators,3766,0.0074520838527629,3.4731097088453446,0
scump,893010,Large,1,Steady Mainstream,6789,0.0076023784728054,3.857753486090673,0
플러리 (flurry1989),169505,Elite,0,Loyal Cultivators,3859,0.0227662900799386,0.4032533581799829,0
Kyle,182260,Elite,0,Loyal Cultivators,3059,0.016783715571162,0.3751263213366812,0
SummonersInnLive,503346,Large,1,Steady Mainstream,6328,0.0125718690523019,0.7210635838150289,0
Aydan,1701314,Mega,1,Steady Mainstream,3507,0.0020613478758183,3.02312315516199,1
Faker,2716270,Mega,2,Viral Rockets,29414,0.0108288204044516,43.849255039439086,1
Mongraal,2951980,Mega,2,Viral Rockets,18180,0.0061585783101511,53.75022172949002,1
탬탬버린 (2chamcham2),489270,Elite,0,Loyal Cultivators,5107,0.010437999468596,1.5222555362684762,0
EmadGG,702744,Large,1,Steady Mainstream,2741,0.0039004246211991,4.700226193168966,0
쌍베 (pacific8815),171858,Elite,1,Steady Mainstream,3992,0.0232284793259551,0.4510814962427865,0
FolagorLives,786983,Large,1,Steady Mainstream,5032,0.0063940390071958,5.22406400400025,0
lilypichu,1363222,Mega,0,Loyal Cultivators,8407,0.0061670072812792,11.68496801705757,1
mistermv,479900,Elite,1,Steady Mainstream,6627,0.0138091269014377,2.1001465354825206,0
Bonjwa,123954,Elite,1,Steady Mainstream,1802,0.0145376510641044,0.0805970149253731,0
KingGeorge,767727,Large,0,Loyal Cultivators,2914,0.0037956200576507,1.563844136380667,0
KingRichard,1536757,Mega,1,Steady Mainstream,3312,0.0021551878403677,0.8004009476945507,1
melharucos,328473,Elite,0,Loyal Cultivators,3519,0.0107132093048743,0.454170024947227,0
INSCOPE21TV,658658,Large,1,Steady Mainstream,7554,0.0114687743867075,8.204639132248644,0
JohnPitterTV,286184,Elite,4,Grinding Warriors,900,0.0031448298996449,0.4152839586219091,0
Zizaran,267004,Elite,1,Steady Mainstream,2552,0.0095579092448053,0.3018598546688434,0
imls,392024,Elite,1,Steady Mainstream,5621,0.0143384078525804,2.2505921844321994,0
TSM_ImperialHal,302593,Elite,1,Steady Mainstream,3550,0.0117319303486861,2.379086588138045,0
악어 (jdm2088),276488,Elite,0,Loyal Cultivators,15405,0.0557167037990798,4.071141762452108,0
Ramee,132642,Elite,0,Loyal Cultivators,2825,0.0212979297658358,0.4635945565462224,0
Towelliee,705098,Large,1,Steady Mainstream,2392,0.0033924362287228,0.1168714839696324,0
SPYGEA,222046,Elite,1,Steady Mainstream,3131,0.0141006818406996,0.6405552076810687,0
FollowGrubby,430649,Elite,0,Loyal Cultivators,3365,0.0078137880269082,0.3505813733287884,0
Amar,604374,Large,1,Steady Mainstream,4207,0.0069609215485775,2.796904761904762,0
mch_AGG,219431,Elite,4,Grinding Warriors,884,0.0040286012459497,0.2493079117249662,0
IWillDominate,797244,Large,1,Steady Mainstream,4591,0.0057585883368203,0.8505990586221651,0
Nadeshot,1472104,Mega,0,Loyal Cultivators,7985,0.0054242091591354,8.546088689586448,1
buddha,247303,Elite,0,Loyal Cultivators,3184,0.0128748943603595,0.1843289658746021,0
Deadlyslob,315637,Elite,1,Steady Mainstream,3088,0.0097833904136714,1.0995843305202166,0
懶貓 (failverde),169973,Elite,1,Steady Mainstream,2348,0.0138139586875562,0.1615461602964646,0
嬌兔 (zrush),180412,Elite,0,Loyal Cultivators,3084,0.0170942065937964,0.3574505112029584,0
HoneyMad,533250,Large,0,Loyal Cultivators,6394,0.0119906235349273,1.094301051547908,0
ESAMarathon,244440,Elite,4,Grinding Warriors,1460,0.005972835869743,0.1162527580085933,0
Nmplol,455444,Elite,0,Loyal Cultivators,6767,0.0148580286489667,2.044214811335525,0
relaxing234,258402,Elite,0,Loyal Cultivators,8405,0.0325268380275694,1.7242477530285267,0
Doigby,1068260,Mega,1,Steady Mainstream,6829,0.0063926384962462,10.255401894225129,1
Sequisha,252495,Elite,1,Steady Mainstream,2540,0.0100596051406958,0.527242707760044,0
HusKerrs,361360,Elite,1,Steady Mainstream,3247,0.0089854992251494,2.6851779574389,0
얍얍 (yapyap30),301033,Elite,0,Loyal Cultivators,9306,0.0309135543279308,0.571965811965812,0
Elwind,703464,Large,0,Loyal Cultivators,7165,0.0101853115440164,3.394725684728229,0
Shiphtur,709343,Large,1,Steady Mainstream,3414,0.0048129043354202,0.4949244151676378,0
BarbarousKing,159402,Elite,1,Steady Mainstream,2244,0.0140776150863853,0.2272744117102093,0
alexelcapo,680023,Large,1,Steady Mainstream,5772,0.008487948201752,2.9056355409296586,0
moistcr1tikal,1166681,Mega,1,Steady Mainstream,3977,0.0034088152631267,7.019085005331007,1
Rush,542991,Large,0,Loyal Cultivators,4731,0.0087128515942253,1.401564945226917,0
LosPollosTV,476096,Elite,1,Steady Mainstream,5671,0.0119114632343056,1.980944206008584,0
DreamLeague,349054,Elite,1,Steady Mainstream,1751,0.0050164157981286,0.249558390578999,0
Voyboy,1251182,Mega,0,Loyal Cultivators,4632,0.0037020992949067,1.728560803272592,1
BastiGHG,507730,Large,0,Loyal Cultivators,2733,0.005382782187383,1.6381725465709231,0
DatModz,270720,Elite,1,Steady Mainstream,1753,0.0064753250591016,0.1607812260787787,0
dafran,599036,Large,0,Loyal Cultivators,4319,0.0072099172670757,1.5415005671690163,0
yeTz,849972,Large,1,Steady Mainstream,4221,0.0049660459403368,3.1942152517331515,0
Aurateur,142427,Elite,1,Steady Mainstream,2492,0.0174966825110407,0.1634893019564753,0
pokelawls,668807,Large,1,Steady Mainstream,3352,0.0050119092653037,1.5390459289305785,0
ziGueira,529814,Large,1,Steady Mainstream,3203,0.0060455178609851,1.8037684488111947,0
A_Seagull,1028544,Mega,1,Steady Mainstream,4193,0.0040766364880841,0.580369903320723,1
koil,299033,Elite,0,Loyal Cultivators,2791,0.0093334180508505,0.3463370910469887,0
PAGO3,425072,Elite,1,Steady Mainstream,2326,0.0054720141528964,0.9637172959298044,0
Llobeti4,648084,Large,1,Steady Mainstream,3410,0.0052616636115071,5.385223688302457,0
殺梗 (xargon0731),283232,Elite,0,Loyal Cultivators,2549,0.0089996893006439,0.1094414936423627,0
itsHafu,787371,Large,1,Steady Mainstream,3276,0.0041606815592649,0.2979209726443769,0
shongxbong,845158,Large,1,Steady Mainstream,7656,0.0090586612207421,13.339833035181872,0
StaysafeTV,149648,Elite,1,Steady Mainstream,2876,0.0192184325884742,0.5416333777185974,0
Loeya,1233300,Mega,0,Loyal Cultivators,2635,0.0021365442309251,2.2447323831356525,1
RiotGamesJP,141684,Elite,0,Loyal Cultivators,13675,0.0965176025521583,1.3715099715099714,0
btssmash,216558,Elite,4,Grinding Warriors,1061,0.0048993803045835,0.2249717607515772,0
PietSmiet,576903,Large,1,Steady Mainstream,4147,0.0071883834890787,1.4445943546955442,0
Payo,175503,Elite,0,Loyal Cultivators,2772,0.0157946018016786,0.8194687045123726,0
Shotz,159763,Elite,0,Loyal Cultivators,2523,0.0157921421105011,0.3160445445935795,0
실프_ (silphtv),309065,Elite,1,Steady Mainstream,1891,0.0061184540468833,0.443530993884956,0
m0xyy,461534,Elite,1,Steady Mainstream,2431,0.0052672175831033,1.978845659282119,0
LexVeldhuis,244467,Elite,1,Steady Mainstream,4939,0.0202031358015601,0.9018732670589032,0
NateHill,1055613,Mega,1,Steady Mainstream,3311,0.0031365661468739,4.030612702254493,1
Shaunz,148568,Elite,1,Steady Mainstream,3791,0.0255169350061924,0.862385039852851,0
Emongg,504653,Large,1,Steady Mainstream,2228,0.0044149148028447,1.0011737540888974,0
fl0m,658323,Large,1,Steady Mainstream,1931,0.0029332105972296,0.9744510022863828,0
AsmodaiTV,247056,Elite,0,Loyal Cultivators,2796,0.0113172721973965,0.2310970081595648,0
Homyatol,375749,Elite,1,Steady Mainstream,4826,0.0128436802227018,3.5233085896076357,0
Grimmmz,1001739,Mega,1,Steady Mainstream,2153,0.0021492624326296,0.2136935100237852,1
aXtLOL,763886,Large,1,Steady Mainstream,4991,0.0065336974365284,2.618248323511481,0
boyMinORu,367223,Elite,1,Steady Mainstream,2717,0.0073987740419309,0.5149548414198698,0
just_ns,341549,Elite,1,Steady Mainstream,3969,0.0116205873827767,0.7136783635101213,0
BurkeBlack,276421,Elite,0,Loyal Cultivators,2154,0.0077924614989454,0.0784680355322557,0
Trick2g,1476226,Mega,1,Steady Mainstream,2650,0.0017951180916743,0.8715107751325736,1
FORMAL,512592,Large,1,Steady Mainstream,2391,0.0046645285139057,1.2841533639478095,0
Fortnite,3558217,Ultra,2,Viral Rockets,28584,0.0080332368711632,96.71221945137157,1
Magic,365714,Elite,1,Steady Mainstream,5123,0.0140082140689172,1.16159169550173,0
Xari,269447,Elite,1,Steady Mainstream,4841,0.0179664275349141,1.836394114360216,0
RocketBeansTV,416018,Elite,4,Grinding Warriors,696,0.0016730045334576,0.0521281212927866,0
ANGRYPUG,366463,Elite,1,Steady Mainstream,1892,0.0051628677383528,0.2614677161946496,0
MarcaoRX,166594,Elite,4,Grinding Warriors,1258,0.0075512923634704,0.1957408892452998,0
yamatonjp,179920,Elite,0,Loyal Cultivators,2269,0.0126111605157847,0.4252540459164471,0
btscsgo,219539,Elite,1,Steady Mainstream,6530,0.0297441456870988,2.914353188139596,0
Skyyart,598579,Large,1,Steady Mainstream,2311,0.0038608103525182,2.1543741285476545,0
gratis150ml,741652,Large,1,Steady Mainstream,1801,0.0024283626282946,0.6529243973242459,0
ShivFPS,236407,Elite,0,Loyal Cultivators,1782,0.0075378478640649,0.857452934662237,0
Ponce,242969,Elite,1,Steady Mainstream,3043,0.0125242314863213,1.7679597701149423,0
Distortion2,314170,Elite,1,Steady Mainstream,1953,0.0062163796670592,0.264258019034191,0
boxbox,1717150,Mega,1,Steady Mainstream,2717,0.0015822729522755,1.2386085626911314,1
강지 (rkdwl12),507418,Large,1,Steady Mainstream,2484,0.0048953722571922,1.915355249204666,0
TheKAIRI78,885915,Large,1,Steady Mainstream,6795,0.0076700360644079,12.939574637249056,0
RiotGamesRU,173861,Elite,0,Loyal Cultivators,19753,0.1136137489143626,4.224720357941835,0
FPSThailand,390579,Elite,1,Steady Mainstream,2260,0.0057862813924967,0.4721003530005043,0
김나성 (naseongkim),103260,Elite,1,Steady Mainstream,1584,0.0153399186519465,0.0952924526113083,0
오킹 (obm1025),428179,Elite,1,Steady Mainstream,3563,0.0083212861910556,2.5462708333333333,0
singsing,572005,Large,0,Loyal Cultivators,2735,0.0047814267357802,0.3609053984778579,0
BlackUFA,279922,Elite,0,Loyal Cultivators,3889,0.0138931559505862,0.3953314022831828,0
QuattroAce,157620,Elite,1,Steady Mainstream,1696,0.0107600558304783,0.7349433271410495,0
bateson87,598678,Large,1,Steady Mainstream,3344,0.0055856403609285,2.5809885546439784,0
Staiy,259624,Elite,0,Loyal Cultivators,3711,0.0142937478815517,0.9895788956251024,0
polsatgames,141026,Elite,1,Steady Mainstream,5695,0.0403826244805922,1.2888543286677034,0
NymN,241746,Elite,1,Steady Mainstream,3402,0.0140726216772976,1.109832709113608,0
orangemorange,261139,Elite,1,Steady Mainstream,2653,0.0101593404278947,0.6989945862335654,0
MinosTV_,204605,Elite,1,Steady Mainstream,2034,0.0099411060335768,1.1515880136371792,0
NairoMK,339545,Elite,1,Steady Mainstream,3054,0.0089943895507222,0.654180790960452,0
철면수심 (109ace),166726,Elite,1,Steady Mainstream,2202,0.0132072982018401,0.2418084923500086,0
UnknownxArmy,850944,Large,1,Steady Mainstream,3735,0.0043892430054151,9.069528455284551,0
s1mple,1681884,Mega,2,Viral Rockets,12723,0.0075647309802578,30.09270769855779,1
bysTaXx,1093212,Mega,1,Steady Mainstream,6210,0.005680508446669,16.24876902645827,1
Sjow,240206,Elite,0,Loyal Cultivators,2189,0.00911301133194,0.1447027388109552,0
hardgamechannel,786562,Large,0,Loyal Cultivators,5711,0.0072607118065708,4.656290249433106,0
scoped,731808,Large,1,Steady Mainstream,5165,0.0070578621714985,11.503977272727273,0
VooDooSh,85678,Elite,0,Loyal Cultivators,2519,0.0294007796633908,0.4803443015907605,0
WELOVEGAMES,413458,Elite,1,Steady Mainstream,2761,0.0066778245916151,0.4266477857878475,0
StereOnline,327645,Elite,4,Grinding Warriors,785,0.0023958857910238,0.227941213164658,0
keanelol,162917,Elite,0,Loyal Cultivators,2176,0.0133564944112646,0.5774676581440359,0
살인마협회장 (sal_gu),164092,Elite,1,Steady Mainstream,2663,0.0162287009726251,0.3681513117754728,0
sips_,430755,Elite,0,Loyal Cultivators,2984,0.0069273717078153,0.7710248646664831,0
ESL_CSGOb,575769,Large,1,Steady Mainstream,5114,0.0088820342880564,3.4963259090043786,0
kyo1984123,135687,Elite,0,Loyal Cultivators,1516,0.0111727726311289,0.0621100134162702,0
midbeast,330060,Elite,1,Steady Mainstream,2652,0.0080349027449554,1.213982458370408,0
Alexby11,1448018,Mega,1,Steady Mainstream,5331,0.0036815840687063,20.905126801678527,1
Tumblurr,353687,Elite,0,Loyal Cultivators,3846,0.0108740213804861,2.911476419160202,0
Veritas,182492,Elite,1,Steady Mainstream,1595,0.0087401091554698,0.9760488346281908,0
daltoosh,241602,Elite,1,Steady Mainstream,2038,0.0084353606344318,1.0585729085729083,0
ELoTRiX,895851,Large,1,Steady Mainstream,5620,0.0062733646555063,5.65169596874445,0
TSM_Viss,762778,Large,1,Steady Mainstream,2668,0.0034977411514228,0.8585678509274587,0
Anthony_Kongphan,462128,Elite,1,Steady Mainstream,1858,0.0040205311082643,0.2716813079551,0
modestal,323364,Elite,0,Loyal Cultivators,5660,0.0175034945139223,3.497231989901722,0
소풍왔니 (yumyumyu77),309322,Elite,1,Steady Mainstream,4496,0.0145350152915085,0.7073965166251979,0
XEWER,455056,Elite,1,Steady Mainstream,1660,0.0036479026757146,1.1359849985473949,0
blxckoutz,482061,Elite,1,Steady Mainstream,2566,0.0053229777974156,2.6318036216251555,0
EASPORTSFIFA,1287954,Mega,2,Viral Rockets,24395,0.018940893851799,35.156925606247434,1
ALOHADANCETV,555334,Large,0,Loyal Cultivators,4288,0.0077214793259551,1.3112770193401593,0
연두는말안드뤄 (rudbeckia7),212053,Elite,0,Loyal Cultivators,2478,0.0116857578058315,0.1948218527315914,0
Flashpoint,93616,Elite,0,Loyal Cultivators,11713,0.1251175012818321,4.819875776397516,0
Steelmage,60987,Elite,1,Steady Mainstream,1696,0.027809205240461,0.2120010084881082,0
RoyalPhunk,204451,Elite,0,Loyal Cultivators,2934,0.0143506268005536,0.3308659685363171,0
Overpow,254516,Elite,1,Steady Mainstream,2004,0.0078737682503261,0.1917720484919779,0
NeVeR_LosEs,200953,Elite,0,Loyal Cultivators,3680,0.0183127397948774,0.2880861620378774,0
AvoidingThePuddle,336181,Elite,0,Loyal Cultivators,3893,0.011580071449606,0.8281143845346179,0
Ko0416,108784,Elite,0,Loyal Cultivators,1515,0.0139266803941756,0.0604461059190031,0
Dota2ruhub2,248277,Elite,1,Steady Mainstream,5158,0.020775182558191,1.3002534854245882,0
Slushpuppy,122486,Elite,1,Steady Mainstream,1560,0.0127361494374867,0.5703504401262249,0
itmeJP,369273,Elite,1,Steady Mainstream,2079,0.005629981070915,0.0420280918122644,0
JesusAVGN,682899,Large,1,Steady Mainstream,3838,0.0056201575928504,2.3228500287301284,0
tarzaned,388878,Elite,0,Loyal Cultivators,4159,0.0106948708849562,2.385453791960216,0
Mickalow,864324,Large,1,Steady Mainstream,1830,0.0021172615824621,1.6591250158972402,0
UNLOSTV,1585519,Mega,2,Viral Rockets,12171,0.0076763507722077,28.568992248062017,1
resttpowered,252184,Elite,0,Loyal Cultivators,2072,0.0082162230752149,0.2540263592543904,0
Felps,844681,Large,1,Steady Mainstream,3109,0.0036806794517693,2.9316929743113587,0
Doublelift,1389835,Mega,0,Loyal Cultivators,13364,0.0096155299010314,8.175552282768777,1
쉐리 (kss7749),170718,Elite,1,Steady Mainstream,2403,0.0140758443749341,0.1698474605650892,0
Kiwo,296481,Elite,1,Steady Mainstream,1243,0.0041925114931479,0.162996628686041,0
adolfz,294217,Elite,0,Loyal Cultivators,4926,0.0167427443009751,2.473656429942418,0
LigaPro1,30986,Elite,1,Steady Mainstream,1149,0.0370812625056477,0.1265325423437365,0
knekro,260728,Elite,0,Loyal Cultivators,2912,0.011168727562824,0.9510419724097446,0
Savjz,542892,Large,0,Loyal Cultivators,3401,0.0062645977468815,0.162020764456818,0
BobbyPoffGaming,125803,Elite,1,Steady Mainstream,1254,0.0099679657877793,0.3617155977618761,0
The_Happy_Hob,216106,Elite,0,Loyal Cultivators,2834,0.0131139348282787,0.3647773851590106,0
Smurfdomuca,267948,Elite,1,Steady Mainstream,2843,0.010610267663875,2.353210966325721,0
Timmac,393639,Elite,1,Steady Mainstream,1460,0.0037089820876488,0.1712090430796478,0
Nikolarn,526389,Large,1,Steady Mainstream,2279,0.0043294977668606,1.654049880318122,0
소우릎 (so_urf),95477,Elite,1,Steady Mainstream,1756,0.018391864009133,0.2623067988921647,0
RiffTrax,79099,Elite,4,Grinding Warriors,562,0.0071050202910276,0.0329852621081801,0
pimpimenta,828298,Large,1,Steady Mainstream,1744,0.0021055224086017,1.5418455195828786,0
FACEIT TV (faceittv),1681615,Mega,1,Steady Mainstream,9722,0.0057813470978791,0.6451127819548872,1
crokeyz,68907,Elite,0,Loyal Cultivators,1796,0.0260641154019185,0.2251141972470032,0
Letshe,884661,Large,1,Steady Mainstream,3073,0.0034736469675954,8.518335500650196,0
SaltyBet,224099,Elite,4,Grinding Warriors,571,0.0025479810262428,0.1367044515291061,0
소니쇼 (sonycast_),255949,Elite,0,Loyal Cultivators,2840,0.0110959605233855,0.5437701903483922,0
HGmony,34358,Elite,1,Steady Mainstream,2465,0.071744571860993,0.2902837643678161,0
jakenbakeLIVE,489623,Elite,1,Steady Mainstream,2375,0.0048506708222448,0.9677751484203098,0
Syndicate,3000509,Ultra,1,Steady Mainstream,4281,0.0014267579267384,4.805298577391601,1
RakanooLive,1234662,Mega,1,Steady Mainstream,2726,0.0022078917144935,4.510030133448128,1
공혁준 (rhdgurwns),289455,Elite,1,Steady Mainstream,3828,0.0132248536041871,0.875584279932106,0
limit_maximum,162040,Elite,1,Steady Mainstream,1886,0.0116391014564305,0.8162039462196613,0
ElRichMC,688715,Large,1,Steady Mainstream,9062,0.0131578374218653,13.836334456748515,0
guit88man,144898,Elite,0,Loyal Cultivators,1989,0.013726897541719,0.1786260084586132,0
RaizQT,167584,Elite,1,Steady Mainstream,2164,0.0129129272484246,0.2557618989054236,0
ReventXz,362062,Elite,1,Steady Mainstream,3073,0.0084874966166015,2.607233487489624,0
PatoPapao,656860,Large,0,Loyal Cultivators,2795,0.0042550924093414,1.162068279088285,0
Replays,871405,Large,1,Steady Mainstream,1983,0.002275635324562,3.20729567821994,0
cdewx,380159,Elite,1,Steady Mainstream,1904,0.005008430682951,0.3636337501796751,0
亞洲統神 (asiagodtonegg3be0),494643,Elite,0,Loyal Cultivators,4426,0.0089478674518794,0.3590698405216435,0
BotezLive,330772,Elite,1,Steady Mainstream,1985,0.0060011125488251,2.42534420993569,0
Conterstine,386804,Elite,1,Steady Mainstream,2557,0.0066105831377131,4.049232261192824,0
BeyondTheSummit_PT,203549,Elite,4,Grinding Warriors,807,0.0039646473330745,0.1798082595870206,0
AlphaCast,411993,Elite,1,Steady Mainstream,3046,0.0073933294983167,1.817275589615636,0
DownToQuest,82299,Elite,4,Grinding Warriors,543,0.0065978930485182,0.1046150251197569,0
똘똘똘이_ (jungtaejune),124835,Elite,0,Loyal Cultivators,1649,0.013209436456122,0.0946879990358251,0
PENTA,152821,Elite,0,Loyal Cultivators,2322,0.0151942468639781,0.3466872242922609,0
thedarkness,536792,Large,0,Loyal Cultivators,1914,0.0035656269094919,0.8879462707670555,0
uhSnow,134611,Elite,0,Loyal Cultivators,3150,0.0234007621962543,0.4956949152542373,0
JERICHO,1191987,Mega,1,Steady Mainstream,2401,0.0020142837128257,0.5906875775296828,1
T90Official,160226,Elite,1,Steady Mainstream,3379,0.021088961841399,0.9037764251587146,0
DanucD,546052,Large,0,Loyal Cultivators,2045,0.0037450645726048,1.6525735021846997,0
DisguisedToast,1340283,Mega,0,Loyal Cultivators,9892,0.0073805308281907,9.47621156211562,1
DesertHeartsRecords,85097,Elite,1,Steady Mainstream,3620,0.0425396900008225,1.3046115753636645,0
Jankos,573657,Large,0,Loyal Cultivators,5858,0.0102116770125702,6.024087024087024,0
GarenaTW,401222,Elite,0,Loyal Cultivators,22130,0.0551564969019644,1.7199839163650985,0
개복어 (dogswellfish),215413,Elite,1,Steady Mainstream,1601,0.0074322348233393,0.233758179055416,0
Sykkuno,334591,Elite,1,Steady Mainstream,2530,0.0075614705715336,3.3584225847201625,0
JokerdTV,159384,Elite,1,Steady Mainstream,2013,0.0126298750188224,1.311996005492448,0
A1taOda,537519,Large,1,Steady Mainstream,1844,0.0034305764075316,0.4790115555555556,0
livekiss,31323,Elite,4,Grinding Warriors,520,0.0166012195511285,0.0047306963615976,0
Jerma985,334594,Elite,0,Loyal Cultivators,4773,0.014265049582479,1.6132185407426731,0
KamoLRF,688868,Large,0,Loyal Cultivators,3948,0.0057311415249365,2.786883763003166,0
GoldGlove,1433703,Mega,1,Steady Mainstream,2196,0.0015316979876585,0.1975395137411902,1
harbleu,349467,Elite,0,Loyal Cultivators,3926,0.011234251016548,1.7080805777271,0
runthefutmarket,292812,Elite,1,Steady Mainstream,2999,0.0102420665819706,1.7276237565483548,0
웁_게임방송 (alenenwooptv),125615,Elite,0,Loyal Cultivators,1418,0.0112884607729968,0.117403896787783,0
KarmikKoala,151920,Elite,0,Loyal Cultivators,2205,0.0145142180094786,0.5908260689082607,0
JustCooman,159117,Elite,0,Loyal Cultivators,3287,0.0206577549853252,1.1759452883540475,0
IamCristinini,398634,Elite,0,Loyal Cultivators,1906,0.0047813282359256,1.6182194616977226,0
Xop0,94751,Elite,0,Loyal Cultivators,1110,0.0117149159375626,0.2150093251949813,0
Warframe,1254031,Mega,2,Viral Rockets,12843,0.0102413736183555,20.57350800582241,1
Smoke,166007,Elite,1,Steady Mainstream,2331,0.0140415765600245,0.5318540729635183,0
Moondye7,306920,Elite,1,Steady Mainstream,2530,0.0082431904079238,0.408135593220339,0
jean_mago,342691,Elite,1,Steady Mainstream,2012,0.0058711784085371,2.3785711137555645,0
mL7support,342850,Elite,0,Loyal Cultivators,2124,0.0061951290651888,1.2209395042468365,0
KriszhAdvice,284899,Elite,1,Steady Mainstream,1593,0.005591455217463,0.6635110885390215,0
QuickyBaby,416329,Elite,1,Steady Mainstream,2207,0.005301096008205,0.3874820992334259,0
aDrive,461081,Elite,1,Steady Mainstream,1692,0.0036696372220932,1.1601523470346735,0
Ampeterby7,1194476,Mega,2,Viral Rockets,9301,0.0077866780077623,43.14581513828239,1
KabajiOW,369667,Elite,0,Loyal Cultivators,3252,0.0087971065851157,1.2089977851605758,0
SNEUX,196635,Elite,1,Steady Mainstream,3748,0.0190606962137971,2.704833941923144,0
TrU3Ta1ent,595939,Large,1,Steady Mainstream,2204,0.0036983651011261,0.8900171436107082,0
OgamingSC2,105368,Elite,4,Grinding Warriors,547,0.0051913294358818,0.0228607404196468,0
머독 (ajehr),362794,Elite,0,Loyal Cultivators,3292,0.0090740199672541,1.1316356513222332,0
cyr,182107,Elite,1,Steady Mainstream,1678,0.0092143629843992,0.3404542034338874,0
MrSavage,1651212,Mega,2,Viral Rockets,6883,0.0041684532331402,22.23987284287012,1
Perxitaa,689582,Large,2,Viral Rockets,8010,0.0116157324292107,22.089581272667328,0
IlloJuan,275174,Elite,1,Steady Mainstream,4087,0.0148524206502067,2.954045788908174,0
masondota2,104526,Elite,0,Loyal Cultivators,2882,0.0275720873275548,0.4796106003244997,0
Annoying,431285,Elite,0,Loyal Cultivators,3884,0.0090056459185921,2.466744439259605,0
고차비 (kumikomii),177741,Elite,0,Loyal Cultivators,1615,0.0090862547189449,0.4077049287917569,0
Manyrin,449520,Elite,1,Steady Mainstream,2284,0.0050809752625022,1.3414066437571592,0
1DrakoNz,373375,Elite,1,Steady Mainstream,2655,0.0071108135252761,2.550907441016334,0
Pace22,171871,Elite,1,Steady Mainstream,1524,0.0088671154528687,0.7180952380952381,0
Rammus53,978645,Large,1,Steady Mainstream,2217,0.0022653771285808,3.1793245311902028,0
SaltyTeemo,173196,Elite,4,Grinding Warriors,476,0.0027483313702394,0.0696996023012471,0
Odablock,131966,Elite,1,Steady Mainstream,2336,0.0177015291817589,0.9102514887543678,0
MckyTV,722041,Large,1,Steady Mainstream,3599,0.0049844814906632,3.947097270280661,0
Calebhart42,177595,Elite,0,Loyal Cultivators,1808,0.0101804667924209,0.1074260994953136,0
MacieJay,835787,Large,0,Loyal Cultivators,2249,0.0026908769818147,1.8101201242985017,0
R6esportsBR,323856,Elite,1,Steady Mainstream,4021,0.0124160120547403,2.098683651804671,0
chistor_,89608,Elite,0,Loyal Cultivators,1838,0.020511561467726,0.236346647979444,0
Kephrii,559647,Large,1,Steady Mainstream,1297,0.0023175323016115,0.6236715414660732,0
FEDMYSTER,609723,Large,0,Loyal Cultivators,9086,0.0149018488723567,11.423812387251957,0
Gosu,1751290,Mega,0,Loyal Cultivators,3502,0.0019996688155588,2.878959591267998,1
supertf,196136,Elite,0,Loyal Cultivators,2526,0.0128788187788065,1.544836341557653,0
MoMaN,360418,Elite,1,Steady Mainstream,1363,0.0037817201138677,0.8280539261088813,0
Kotton,253065,Elite,1,Steady Mainstream,2757,0.0108944342362634,1.1084172316964591,0
saintvicious,247236,Elite,0,Loyal Cultivators,1422,0.0057515895743338,0.2644527762899482,0
winstrike_tv,148183,Elite,1,Steady Mainstream,12058,0.0813723571529797,7.517390200558517,0
pijack11,252717,Elite,1,Steady Mainstream,1569,0.0062085257422334,0.9787565816119886,0
pqueen,485787,Elite,0,Loyal Cultivators,2602,0.005356256960355,3.688517956499747,0
Northernlion,359260,Elite,0,Loyal Cultivators,3968,0.0110449256805656,0.3718511215183633,0
Nattank,86544,Elite,1,Steady Mainstream,1537,0.0177597522647439,0.4651647286821705,0
bmkibler,475075,Elite,1,Steady Mainstream,2247,0.0047297795084986,0.2322096289838225,0
Arteezy,634982,Large,0,Loyal Cultivators,19681,0.0309945793739035,8.117704517704517,0
선바 (sunbaking),251416,Elite,0,Loyal Cultivators,2762,0.0109857765615553,1.144778802110512,0
flamuu,117425,Elite,0,Loyal Cultivators,1851,0.0157632531403023,0.2860260804475436,0
Mixwell,331208,Elite,1,Steady Mainstream,4219,0.0127382188836018,5.137472828655136,0
AntoineDanielLive,416920,Elite,0,Loyal Cultivators,3964,0.0095078192458984,4.961964643703299,0
G4G_REVENANT,284620,Elite,0,Loyal Cultivators,2947,0.010354156419085,0.8446352454025088,0
maxim,312566,Elite,1,Steady Mainstream,3173,0.0101514560124901,1.8011996931017646,0
양띵 (yd0821),279864,Elite,0,Loyal Cultivators,8075,0.0288533001743704,1.988788682581786,0
c9judite,105341,Elite,4,Grinding Warriors,644,0.0061134790822186,0.23256911573026,0
WOKE,107484,Elite,1,Steady Mainstream,3827,0.035605299393398,2.048934108527132,0
Amaz,915023,Large,0,Loyal Cultivators,2764,0.0030206890974325,-0.0639455782312925,0
ESL_SC2,305311,Elite,4,Grinding Warriors,1414,0.0046313431222589,0.1296166747385603,0
CooLifeGame,395859,Elite,0,Loyal Cultivators,4415,0.0111529610290532,3.560008508827909,0
BruceGrannec,463188,Elite,0,Loyal Cultivators,3011,0.0065006001882604,1.2171713300114986,0
CuteDog_,113658,Elite,1,Steady Mainstream,1104,0.0097133505780499,0.1065913370998116,0
大丸 (wtf_winds123),259338,Elite,0,Loyal Cultivators,2410,0.0092928919016881,0.3551818916734034,0
theRealShooKon3,126282,Elite,0,Loyal Cultivators,1333,0.0105557403272041,0.2237880428244917,0
Albralelie,240030,Elite,1,Steady Mainstream,1668,0.0069491313585801,1.6874863897962358,0
룩삼 (looksam),285474,Elite,1,Steady Mainstream,3302,0.0115667276179266,0.1912701586032253,0
GTimeTV,665021,Large,1,Steady Mainstream,1022,0.0015367935749397,0.8296314089732297,0
WagamamaTV,312799,Elite,1,Steady Mainstream,1268,0.004053721399365,0.1172914215274275,0
sleepy,317125,Elite,0,Loyal Cultivators,2103,0.0066314544737879,2.371942580164057,0
FifaTargrean,396862,Elite,1,Steady Mainstream,1353,0.0034092455311922,0.3870799672169535,0
GrandPOObear,253619,Elite,1,Steady Mainstream,2230,0.0087927166340061,0.4440425006177415,0
Pun1shers_TV,82289,Elite,0,Loyal Cultivators,1961,0.0238306456513021,0.4147634683205642,0
gamelifeow,234471,Elite,1,Steady Mainstream,1659,0.0070755018744322,1.699086345381526,0
Sh4dowehhh,84234,Elite,1,Steady Mainstream,2012,0.0238858418215922,0.6256389811738648,0
LuluLuvely,431852,Elite,0,Loyal Cultivators,2178,0.0050433944962626,3.367815447837863,0
Swifty,615027,Large,1,Steady Mainstream,1572,0.0025559853469847,0.5812950229207596,0
Mibrtv,250709,Elite,1,Steady Mainstream,3310,0.0132025575467972,2.931844589687727,0
PsheroTV,202779,Elite,1,Steady Mainstream,1166,0.0057501023281503,0.3253100996118666,0
bytarifaaa,638657,Large,2,Viral Rockets,13435,0.0210363309256768,40.88206627680312,0
Alderiate,319860,Elite,0,Loyal Cultivators,3337,0.0104326893015694,1.1694915254237288,0
Solaaaa,309594,Elite,1,Steady Mainstream,2227,0.0071932918596613,1.116036316472114,0
Strippin,293665,Elite,1,Steady Mainstream,1816,0.0061839170483373,0.1637178696278017,0
Mendo,518090,Large,1,Steady Mainstream,1959,0.0037811963172421,1.769270205066345,0
Pikabooirl,237214,Elite,1,Steady Mainstream,2146,0.0090466835852858,0.7557258530942741,0
Skadoodle,611890,Large,1,Steady Mainstream,2318,0.0037882625962182,2.435706742260019,0
MasterSnakou,448316,Elite,1,Steady Mainstream,1786,0.0039837971430865,0.5885093542546771,0
루시아 (lucia94),82578,Elite,1,Steady Mainstream,1603,0.0194119499140206,0.2612892981899015,0
Otzdarva,262104,Elite,1,Steady Mainstream,2387,0.0091070720019534,1.5968880909634948,0
꽃핀 (cherrypach),240835,Elite,0,Loyal Cultivators,2369,0.0098366101272655,0.9610305444887118,0
Opat04,178477,Elite,1,Steady Mainstream,1814,0.0101637746040106,0.9395846713765788,0
icebergdoto,171113,Elite,0,Loyal Cultivators,3746,0.0218919661276466,1.614184803360061,0
P4wnyhof,489174,Elite,1,Steady Mainstream,1205,0.0024633361544154,0.0369520981136226,0
Mazarin1k,205378,Elite,1,Steady Mainstream,780,0.0037978751375512,0.3373943975100044,0
김뚜띠_ (kimdduddi),149158,Elite,0,Loyal Cultivators,2318,0.0155405677201356,0.7488044077134987,0
옥냥이 (rooftopcat99),214028,Elite,0,Loyal Cultivators,2256,0.0105406769207767,0.6380367437099295,0
KingGothalion,1015521,Mega,1,Steady Mainstream,5792,0.0057034763436699,1.2876559139784949,1
ItsSlikeR,283503,Elite,1,Steady Mainstream,2317,0.0081727530220138,1.6137159583921383,0
Alinity,1203324,Mega,1,Steady Mainstream,2441,0.0020285475898428,2.839567387687188,1
TidesofTime,251700,Elite,1,Steady Mainstream,2104,0.0083591577274533,0.3063796123636774,0
GernaderJake,295771,Elite,1,Steady Mainstream,1347,0.0045541990255975,0.4832222563997402,0
スタンミ (sutanmi),53124,Elite,0,Loyal Cultivators,2683,0.050504480084331,0.2058236687866317,0
DarioMocciaTwitch,114376,Elite,0,Loyal Cultivators,1749,0.0152916695810309,0.9299197076782536,0
bebe872,70232,Elite,0,Loyal Cultivators,1087,0.0154772753160952,0.2415164581418911,0
Lasqa,135446,Elite,0,Loyal Cultivators,2863,0.0211375751221889,0.3510732585514471,0
六希夫 (qttsix),118305,Elite,1,Steady Mainstream,1412,0.0119352521026161,0.1533417729736748,0
Flight23white,828896,Large,2,Viral Rockets,7522,0.0090747210747789,22.39971387696709,0
Heelmike,308927,Elite,1,Steady Mainstream,2115,0.0068462775995623,2.059122287968442,0
OGADotaPIT,157820,Elite,0,Loyal Cultivators,10161,0.0643834748447598,2.601657310879444,0
SoloRenektonOnly,391603,Elite,0,Loyal Cultivators,1735,0.0044305074271647,0.6062040086189373,0
OfficialAndyPyro,255595,Elite,1,Steady Mainstream,1027,0.0040180754709599,0.140355396541443,0
k3soju,76666,Elite,0,Loyal Cultivators,1647,0.0214827955025695,0.5636118063004012,0
SkyrrozTV,597890,Large,1,Steady Mainstream,2185,0.0036545183896703,2.519920828967284,0
LeBouseuh,988237,Large,1,Steady Mainstream,3678,0.0037217792897857,5.7201204133105525,0
BikeMan,264192,Elite,1,Steady Mainstream,1486,0.0056246971899224,0.08112097628704,0
Rubini,102528,Elite,0,Loyal Cultivators,1284,0.0125234082397003,0.2680865512238787,0
JLWaliid,272391,Elite,1,Steady Mainstream,2239,0.0082198016821407,2.597280632411067,0
qSnake,200878,Elite,0,Loyal Cultivators,1389,0.0069146447097243,0.2460919878395606,0
Criken,285509,Elite,1,Steady Mainstream,1828,0.0064026002682927,0.2897469922151451,0
Loserfruit,1869993,Mega,1,Steady Mainstream,1816,0.0009711266298857,7.941170560160764,1
Broxah,317896,Elite,0,Loyal Cultivators,4269,0.0134289201499861,4.488788756571183,0
JonVlogs,480299,Elite,1,Steady Mainstream,2239,0.0046616794954809,3.221963537817196,0
ImSoFresh,111954,Elite,1,Steady Mainstream,1119,0.0099951765903853,0.2004609574586249,0
BeBePtv,57205,Elite,1,Steady Mainstream,1865,0.0326020452757626,0.2242887010271793,0
TrilluXe,412495,Elite,1,Steady Mainstream,2095,0.0050788494405992,1.2078944044461286,0
landonorris,584831,Large,1,Steady Mainstream,6524,0.0111553594115223,15.193725099601592,0
LotharHS,251812,Elite,1,Steady Mainstream,898,0.003566152526488,0.8946562879758269,0
ElcanaldeJoaco,810622,Large,2,Viral Rockets,8673,0.0106991914850571,37.11406211787723,0
CzechCloud,180668,Elite,1,Steady Mainstream,978,0.0054132441826997,0.7662530162013099,0
chess24,66198,Elite,1,Steady Mainstream,1603,0.0242152330886129,0.6063875175230085,0
TheNo1Alex,140855,Elite,1,Steady Mainstream,1105,0.0078449469312413,0.1745689898818608,0
Crystal_LoL,167132,Elite,1,Steady Mainstream,1466,0.0087715099442356,0.7074324566112006,0
WeAreTheVR,410814,Elite,1,Steady Mainstream,2688,0.0065431070995633,1.125712405396512,0
AdzTV,489577,Elite,1,Steady Mainstream,1443,0.0029474423839355,1.220750455373406,0
IrmanPlay,252042,Elite,1,Steady Mainstream,2612,0.0103633521397227,5.470425182053089,0
Tomato,92634,Elite,0,Loyal Cultivators,2675,0.028877086167066,0.4733175604626708,0
쫀득이_ (pjs9073),193757,Elite,1,Steady Mainstream,2597,0.0134033867163508,1.4642428832923058,0
runitup247,91608,Elite,4,Grinding Warriors,422,0.0046065845777661,0.0625452674897119,0
NeZaK_,255840,Elite,1,Steady Mainstream,1407,0.005499530956848,1.5477962818076825,0
피닉스박1 (xkwhd),142209,Elite,1,Steady Mainstream,1139,0.0080093383681764,0.2821626437261616,0
skill4ltu,127741,Elite,0,Loyal Cultivators,1503,0.0117659952560258,0.3423953951737879,0
ilMasseo,617665,Large,0,Loyal Cultivators,2184,0.0035358972906025,4.728169319042979,0
Worrun_,146163,Elite,1,Steady Mainstream,1728,0.0118224174380657,1.0985336932931025,0
brax,574927,Large,1,Steady Mainstream,5295,0.0092098649045878,10.866897347174165,0
rewinside,1259972,Mega,1,Steady Mainstream,4455,0.0035357928588889,7.687319289549773,1
금사향 (sah_yang),206794,Elite,0,Loyal Cultivators,1559,0.0075389034498099,0.8646798324356673,0
HAchubby,221461,Elite,0,Loyal Cultivators,2779,0.0125484848348016,2.181903980303652,0
Recrent,220789,Elite,0,Loyal Cultivators,1502,0.0068028751432363,0.9291130434782608,0
iLame,233263,Elite,0,Loyal Cultivators,1243,0.0053287490943698,0.4129172488743984,0
ixxYjYxxi,857099,Large,0,Loyal Cultivators,5459,0.0063691592219801,10.98866103739445,0
Wingsofdeath,473157,Elite,1,Steady Mainstream,1343,0.0028383813406543,0.0434755463059313,0
mang0,328671,Elite,1,Steady Mainstream,1403,0.0042687063963659,0.3826402993051844,0
Kamikatze,107476,Elite,1,Steady Mainstream,1586,0.0147567829096728,0.2912135539795114,0
Philza,527540,Large,1,Steady Mainstream,2991,0.0056697122493081,4.649074294795391,0
Kurumx,50286,Elite,1,Steady Mainstream,1543,0.0306844847472457,0.3768503696928119,0
Pieface23,238155,Elite,1,Steady Mainstream,2149,0.0090235350926917,1.3650814053127678,0
CurtisRyan,65688,Elite,1,Steady Mainstream,1205,0.0183442942394349,0.2037440059018812,0
CalebDMTG,71327,Elite,0,Loyal Cultivators,1608,0.0225440576499782,0.0740329674846878,0
MarkiLokurasY,923377,Large,1,Steady Mainstream,2714,0.0029392111780995,5.870592373716055,0
JLBichouu,212578,Elite,1,Steady Mainstream,2039,0.0095917733725973,1.6584215167548502,0
나나양 (nanayango3o),147351,Elite,0,Loyal Cultivators,1589,0.0107837747962348,0.5190083999180496,0
DavyJones,955846,Large,1,Steady Mainstream,4111,0.0043009020281509,9.404961240310078,0
Fairlight_Excalibur,408958,Elite,1,Steady Mainstream,1208,0.0029538485614659,0.0315429269783073,0
PG_Esports,112874,Elite,1,Steady Mainstream,1933,0.017125290146535,0.3893143944668802,0
StreamerHouse,630255,Large,4,Grinding Warriors,402,0.0006378370659494,0.0214663323565839,0
Peereira7,377689,Elite,1,Steady Mainstream,1377,0.0036458567763424,2.699596412556054,0
Twitch,1189614,Mega,1,Steady Mainstream,9190,0.0077251948951508,18.57411568872243,1
Sev7n,469944,Elite,1,Steady Mainstream,1037,0.0022066458982346,1.2305342264335892,0
Wardiii,76777,Elite,1,Steady Mainstream,1670,0.0217513057295804,0.3059551208285385,0
자동 (tranth),85764,Elite,0,Loyal Cultivators,1402,0.0163471852991931,0.0824757486292703,0
Kubon_,267984,Elite,1,Steady Mainstream,1323,0.0049368619022031,0.1763584627515513,0
KarasMai,281664,Elite,1,Steady Mainstream,1374,0.0048781526925698,1.0116775126536517,0
Sloot,205002,Elite,1,Steady Mainstream,937,0.0045706871152476,0.113251909132519,0
LPMassive,315264,Elite,1,Steady Mainstream,2181,0.0069180115712545,0.2814568721545465,0
羅傑 (roger9527),131484,Elite,0,Loyal Cultivators,5401,0.041077241337349,0.6461294049682265,0
ChicaLive,1041932,Mega,1,Steady Mainstream,2045,0.0019627000610404,6.830245010546812,1
도현_ (d_obby),195405,Elite,1,Steady Mainstream,1401,0.0071697244185153,1.1835552982049795,0
Valkia,308459,Elite,1,Steady Mainstream,1008,0.0032678573165315,1.377260544505572,0
caps,479368,Elite,0,Loyal Cultivators,10170,0.0212154336543115,15.147551077525888,0
龜狗 (gueigotv),165232,Elite,1,Steady Mainstream,1373,0.0083095284206449,0.1887838689350976,0
Alfie,183885,Elite,1,Steady Mainstream,971,0.0052804742094243,0.1841049764793265,0
NiceWigg,184033,Elite,1,Steady Mainstream,1475,0.0080148668988713,0.856754264638082,0
zEkO,743040,Large,0,Loyal Cultivators,4440,0.0059754521963824,8.242895263509006,0
x6FlipiN,279204,Elite,1,Steady Mainstream,2712,0.0097133278892852,3.0551599967264096,0
JASONR,777611,Large,1,Steady Mainstream,992,0.0012757021184113,0.7268669801546186,0
Dhalucard,269408,Elite,1,Steady Mainstream,1828,0.0067852476541156,1.171199040767386,0
duckmanzch,122694,Elite,1,Steady Mainstream,1363,0.0111089376823642,0.5789218515525799,0
MrBboy45,318995,Elite,1,Steady Mainstream,1659,0.0052007084750544,0.5188252808228447,0
인간젤리 (ses836),105730,Elite,1,Steady Mainstream,1213,0.0114726189350231,0.186590330788804,0
AladdinTV,110211,Elite,0,Loyal Cultivators,1416,0.0128480823148324,0.3435090120921743,0
miniminter,858427,Large,1,Steady Mainstream,4215,0.0049101437862508,14.21403381642512,0
ClintStevens,393432,Elite,0,Loyal Cultivators,4445,0.0112980133796945,2.560822429906542,0
NoctisAK47,73584,Elite,1,Steady Mainstream,1052,0.0142965862143944,0.2404157178723652,0
Daxak,116897,Elite,0,Loyal Cultivators,2061,0.017630905840184,0.7570443698073184,0
ThaldrinLol,521166,Large,1,Steady Mainstream,1671,0.0032062720898907,0.8486194745528346,0
olyashaa,559877,Large,0,Loyal Cultivators,2296,0.0041009007335539,1.7833654959475107,0
Jay3,189654,Elite,1,Steady Mainstream,1111,0.0058580362133147,0.749464021499532,0
SovietWomble,1368076,Mega,0,Loyal Cultivators,2900,0.0021197652761981,3.3897569444444446,1
GodHunt,202883,Elite,1,Steady Mainstream,1820,0.0089706875391235,0.3249603552172534,0
Everyeyeit,86590,Elite,1,Steady Mainstream,1236,0.0142741656080378,0.3170929577464789,0
Speedrun,93358,Elite,4,Grinding Warriors,375,0.0040167955611731,0.1021939561208775,0
iamSometimes,179552,Elite,1,Steady Mainstream,2004,0.0111611121012297,0.9639545056867892,0
Broeki1,150944,Elite,1,Steady Mainstream,1317,0.0087250900996396,0.1834833245103229,0
hexy,336093,Elite,1,Steady Mainstream,2092,0.0062244676324707,0.2210729874578706,0
Etoiles,220873,Elite,1,Steady Mainstream,2090,0.0094624512729034,2.141444380477196,0
xChocoBars,583881,Large,1,Steady Mainstream,1917,0.0032832032554578,1.1147455867082037,0
GN_GG,91514,Elite,0,Loyal Cultivators,1715,0.0187403020302904,0.1363312514457552,0
SheriffEli,265814,Elite,0,Loyal Cultivators,1291,0.0048567795526195,0.082510460251046,0
iateyourpie,124020,Elite,1,Steady Mainstream,987,0.0079583938074504,0.0437973915680922,0
KYR_SP33DY,706212,Large,0,Loyal Cultivators,1879,0.002660674131847,0.7010362421755826,0
armateam,187315,Elite,4,Grinding Warriors,479,0.0025571897605637,0.0228613569321533,0
JeelTV,357385,Elite,0,Loyal Cultivators,1768,0.0049470459028778,2.771252628416942,0
Pengu,775987,Large,0,Loyal Cultivators,2452,0.0031598467500099,3.4148305384560955,0
태준이 (dlxowns45),346631,Elite,1,Steady Mainstream,2023,0.0058361773759415,1.5581512182868626,0
gabepeixe,149362,Elite,0,Loyal Cultivators,1788,0.0119709162973179,0.2460827681116681,0
TSM_TheOddOne,864087,Large,1,Steady Mainstream,913,0.0010566065685515,-0.0836955079731486,0
luke4316live,168531,Elite,4,Grinding Warriors,636,0.0037737864250493,0.1204801224735753,0
VGBootCamp,521938,Large,1,Steady Mainstream,1534,0.0029390464001471,0.3216968281766881,0
CapcomFighters,348447,Elite,1,Steady Mainstream,5684,0.0163123803620062,0.8471698113207548,0
Datto,530822,Large,1,Steady Mainstream,2122,0.0039975735745692,1.2568487394957983,0
NeverSayYesTwitch,194933,Elite,1,Steady Mainstream,1357,0.0069613662130065,1.526291628773115,0
BeatportOfficial,126546,Elite,1,Steady Mainstream,5300,0.0418820033821693,4.4895732036736895,0
포셔 (portialyn),39485,Elite,0,Loyal Cultivators,1349,0.0341648727364822,0.2313198582388908,0
케인 (kanetv8),141167,Elite,1,Steady Mainstream,1313,0.0093010406114743,0.4035285544432938,0
Sanchovies,154845,Elite,1,Steady Mainstream,1250,0.00807258871775,1.0274526464861038,0
GhostFreak66,111646,Elite,1,Steady Mainstream,1029,0.009216631137703,0.8376811594202899,0
RTAinJapan,71730,Elite,0,Loyal Cultivators,8383,0.1168688136065802,2.771030640668524,0
WankilStudio,726730,Large,0,Loyal Cultivators,10173,0.0139983212472307,15.94046997389034,0
SLAKUN10,1874932,Mega,2,Viral Rockets,18906,0.0100835656973159,196.21622187336476,1
Monkeynews,80290,Elite,1,Steady Mainstream,1288,0.0160418482999128,0.3491885264414545,0
forever,373484,Elite,1,Steady Mainstream,5300,0.0141907016097075,12.181400843881857,0
AlpTV,576276,Large,1,Steady Mainstream,2913,0.0050548695416779,6.665993527508091,0
Crocodyle_lol,107835,Elite,0,Loyal Cultivators,1802,0.0167107154448926,0.8035625,0
WARDELL,306435,Elite,1,Steady Mainstream,1394,0.0045490887137565,2.266525107152688,0
Tiagovski555YT,220585,Elite,1,Steady Mainstream,2061,0.0093433370356098,1.7185170577795306,0
Altair,42265,Elite,0,Loyal Cultivators,1183,0.0279900626996332,0.1335668417980151,0
NiteNightKid,28818,Elite,1,Steady Mainstream,1127,0.0391075022555347,0.0805018786902844,0
fuslie,336394,Elite,1,Steady Mainstream,2504,0.0074436523838118,1.728197158081705,0
Tyceno,297359,Elite,1,Steady Mainstream,4015,0.013502197680245,5.850227670753065,0
Faux,237909,Elite,1,Steady Mainstream,1133,0.0047623250906859,0.1938281405040682,0
RiotGamesTurkish,651994,Large,0,Loyal Cultivators,7414,0.0113712702877633,2.0660373400461505,0
makataO,391656,Elite,1,Steady Mainstream,910,0.0023234675327328,0.7502940774175899,0
Drjayfisto,130341,Elite,0,Loyal Cultivators,1105,0.0084777621776724,0.2662096047379941,0
CarTmaNzbs,386948,Elite,0,Loyal Cultivators,1793,0.0046336975510921,0.6755472752678156,0
Th3Antonio,223756,Elite,1,Steady Mainstream,2419,0.0108108832835767,1.4133011660635304,0
BigEx,256448,Elite,1,Steady Mainstream,1569,0.0061181994010481,1.4270155879013111,0
BigSpinCR,185784,Elite,1,Steady Mainstream,1824,0.0098178529905696,0.8790577605679252,0
Maghla,329065,Elite,1,Steady Mainstream,2124,0.0064546518165104,3.0219469711631506,0
Becca,357844,Elite,1,Steady Mainstream,1500,0.0041917707157308,0.4892013888888888,0
SirhcEz,579629,Large,0,Loyal Cultivators,1279,0.0022065838665767,0.2573570197136646,0
twlevewinsHS,38410,Elite,0,Loyal Cultivators,1711,0.0445456912262431,0.3037609329446064,0
코렛트 (collet11),215304,Elite,1,Steady Mainstream,1248,0.0057964552446772,0.537838533054055,0
Zombie_Barricades,172386,Elite,1,Steady Mainstream,735,0.0042636873063937,0.2624133936572465,0
NBA2KLeague,143535,Elite,1,Steady Mainstream,4264,0.0297070400947504,1.520339883165162,0
XBOCT,318230,Elite,0,Loyal Cultivators,4473,0.0140558715394525,2.1831804281345564,0
shtan_udachi,100852,Elite,0,Loyal Cultivators,1929,0.019127037639313,0.2582731338149295,0
orslok,327888,Elite,1,Steady Mainstream,3082,0.0093995510662177,5.174214017882896,0
BRNWOWZK1,173713,Elite,4,Grinding Warriors,465,0.0026768290225832,0.2387261738726173,0
HellYeahPlay,136885,Elite,0,Loyal Cultivators,1706,0.0124630164006282,0.2994125012038909,0
홍방장 (game2eye),183891,Elite,0,Loyal Cultivators,1669,0.0090760287344133,0.2313602998594409,0
grafo,414577,Elite,0,Loyal Cultivators,1544,0.0037242779990206,1.5573016515908376,0
xTheSolutionTV,320629,Elite,1,Steady Mainstream,2027,0.0063219484201366,1.3302575932333718,0
Igromania,184078,Elite,1,Steady Mainstream,939,0.0051010984473972,0.0733311938382541,0
Back2Warcraft,94929,Elite,0,Loyal Cultivators,1697,0.0178765182399477,0.2278322352563072,0
超負荷 (sam1268),148702,Elite,0,Loyal Cultivators,4538,0.0305174106602466,0.5706744868035191,0
10000DAYS,356683,Elite,1,Steady Mainstream,1255,0.00351853045982,1.2045224793828146,0
iProMx,151788,Elite,0,Loyal Cultivators,4576,0.0301473107228502,2.2275,0
짬타수아 (zzamtiger0310),185684,Elite,0,Loyal Cultivators,1876,0.010103186058034,0.5179146604682052,0
GingiTV,156597,Elite,0,Loyal Cultivators,1713,0.0109389068756106,0.5016090418128166,0
venruki,292558,Elite,1,Steady Mainstream,1264,0.0043205108046951,0.3339268274359552,0
Pimpeano,740343,Large,2,Viral Rockets,6469,0.0087378417841459,31.06083099906629,0
MatteoHS,428553,Elite,1,Steady Mainstream,1176,0.0027441179970738,1.5626426426426427,0
nugiyen,121984,Elite,1,Steady Mainstream,996,0.0081650052465897,0.1406164577245734,0
HighDistortion,1677690,Mega,1,Steady Mainstream,1397,0.0008326925713332,0.5786802991574364,1
LuquEt4,74404,Elite,0,Loyal Cultivators,1081,0.014528788774797,0.2937961067238633,0
THump,250786,Elite,0,Loyal Cultivators,1885,0.0075163685373186,1.2495573298571503,0
MaTaFe_,116653,Elite,1,Steady Mainstream,1096,0.0093953863166828,0.6966748086630842,0
rxnexus,255944,Elite,0,Loyal Cultivators,1475,0.0057629794017441,0.2070832775770551,0
VaporaDark,101359,Elite,0,Loyal Cultivators,2338,0.0230665259128444,0.3141259731068648,0
PaymoneyWubby,302419,Elite,0,Loyal Cultivators,5485,0.0181370879475165,4.130686274509804,0
RTGameCrowd,861594,Large,0,Loyal Cultivators,4259,0.0049431634853538,7.97464133385033,0
다주 (dda_ju),205041,Elite,1,Steady Mainstream,1466,0.0071497895542842,0.4790781120618272,0
Bawkbasoup,94820,Elite,1,Steady Mainstream,1259,0.0132777894958869,0.2134546711208386,0
견자희 (wkgml),415795,Elite,0,Loyal Cultivators,2210,0.0053151192294279,1.980732860520095,0
Werlyb,204348,Elite,1,Steady Mainstream,2399,0.0117397772427427,2.571613694072323,0
TSM_Hamlinz,2137521,Mega,0,Loyal Cultivators,15483,0.0072434376083322,11.411126187245593,1
DougisRaw,127151,Elite,1,Steady Mainstream,1076,0.0084623793757029,0.4839503767212263,0
Mmorpg,235167,Elite,1,Steady Mainstream,908,0.0038610859516853,0.1069618696186961,0
BreaK,309300,Elite,1,Steady Mainstream,1432,0.004629809246686,0.158264105226722,0
berkriptepe,622358,Large,1,Steady Mainstream,4103,0.0065926685284032,8.590027447392497,0
Xposed,266853,Elite,1,Steady Mainstream,1475,0.0055273877378182,1.3255034160373966,0
무굴 (moogrr1211),37162,Elite,0,Loyal Cultivators,879,0.0236531941230289,0.054098143587299,0
BoarControlHS,79204,Elite,0,Loyal Cultivators,1064,0.0134336649664158,0.2566956861977893,0
Dementardo,547154,Large,0,Loyal Cultivators,4663,0.008522280747285,13.12797291578502,0
CrReaM,165906,Elite,1,Steady Mainstream,1150,0.006931635986643,0.0436037934668071,0
Xiuder_,312280,Elite,1,Steady Mainstream,909,0.0029108492378634,1.7361634123663412,0
SmallAnt,255156,Elite,1,Steady Mainstream,1821,0.0071368104218595,2.2568961952026467,0
Naowh,103636,Elite,1,Steady Mainstream,1333,0.0128623258327222,0.4054718312782829,0
Tonton,147542,Elite,1,Steady Mainstream,1237,0.0083840533542991,0.5740732419680971,0
逼比 (bebelolz),260119,Elite,0,Loyal Cultivators,2488,0.009564853009584,0.4125290023201856,0
踢虧 (takesipon),57634,Elite,1,Steady Mainstream,1534,0.026616233473297,0.1063351254480286,0
Vargskelethor,287063,Elite,0,Loyal Cultivators,2809,0.0097853084514549,1.0281873448069183,0
핑맨 (95pingman),195423,Elite,1,Steady Mainstream,3449,0.0176488949611867,2.0597933797174783,0
LobosJr,375646,Elite,1,Steady Mainstream,1332,0.0035458916107186,0.2239502204640046,0
ZONY,260125,Elite,1,Steady Mainstream,1118,0.004297933685728,0.951456179471586,0
Monstercat,788684,Large,4,Grinding Warriors,313,0.0003968636361331,0.0429710876990426,0
k1ng,706537,Large,1,Steady Mainstream,4365,0.0061780204009131,16.8139846743295,0
DuelLinksMeta,88697,Elite,0,Loyal Cultivators,1886,0.0212634023698659,0.3704371037704371,0
Esports_Alliance,117084,Elite,1,Steady Mainstream,4293,0.0366659833965358,1.494071678792778,0
lolesportsla,186208,Elite,1,Steady Mainstream,4586,0.0246283725726069,1.7463736263736265,0
Vovo,141898,Elite,1,Steady Mainstream,974,0.0068640854698445,0.6112915545813822,0
goncho,442412,Elite,1,Steady Mainstream,2431,0.0054948780774481,3.829658410231504,0
MenosTrece,470873,Elite,0,Loyal Cultivators,1481,0.0031452217476899,1.7655988857938718,0
swimstrim,137885,Elite,1,Steady Mainstream,1383,0.0100300975450556,0.5785516860143726,0
AnneMunition,621921,Large,1,Steady Mainstream,1586,0.0025501631236121,0.6634455684735014,0
Reverse2k,380488,Elite,1,Steady Mainstream,925,0.0024310884968776,0.8540885696199048,0
erobb221,244207,Elite,1,Steady Mainstream,2028,0.0083044302579369,1.0759912695525646,0
voicetv,3660,Elite,4,Grinding Warriors,314,0.0857923497267759,0.0025794171061193,0
FFearFFul,727059,Large,1,Steady Mainstream,5305,0.0072965192645988,13.627568090695425,0
Cryaotic,813371,Large,0,Loyal Cultivators,1727,0.0021232623243267,0.2872763303607857,0
Dmitry_Lixxx,347824,Elite,1,Steady Mainstream,3006,0.0086423018538111,6.452151162790698,0
Sweatcicle,160000,Elite,1,Steady Mainstream,1023,0.00639375,0.8772410791993037,0
tebtv,76050,Elite,1,Steady Mainstream,2177,0.0286259040105193,0.8643006564235736,0
_연두부_ (lovelyyeon),108382,Elite,0,Loyal Cultivators,1115,0.0102876861471462,0.5329063934251255,0
pankylol,284563,Elite,1,Steady Mainstream,3141,0.0110379775304589,3.2561795550328334,0
Alkaizerx,153870,Elite,1,Steady Mainstream,1312,0.0085266783648534,0.2088119288119288,0
hastad,868738,Large,1,Steady Mainstream,1812,0.0020857842065156,2.199579168858496,0
미라지 (mirage720),352412,Elite,1,Steady Mainstream,1638,0.004647968854636,1.3001967980426572,0
Tanxlive,244133,Elite,1,Steady Mainstream,971,0.0039773402202897,0.2489721135333209,0
Rogue,169330,Elite,1,Steady Mainstream,1186,0.0070040748833638,1.2166191479690922,0
easywithaces,90359,Elite,1,Steady Mainstream,1388,0.0153609491030223,0.3252339912890372,0
BeyondTheSummit_PT2,178612,Elite,1,Steady Mainstream,796,0.0044565874633283,1.3145443285217475,0
CarritosKami,165439,Elite,1,Steady Mainstream,1681,0.0101608447826691,0.6425992091848888,0
dizzy,795869,Large,1,Steady Mainstream,2997,0.0037656951081145,2.488814249363868,0
EAMaddenNFL,241924,Elite,1,Steady Mainstream,5697,0.0235487177791372,3.616854213553388,0
TobiasFate,701822,Large,0,Loyal Cultivators,1233,0.0017568557269507,0.3846406763738844,0
PUBG,733628,Large,1,Steady Mainstream,4647,0.0063342729557759,2.4016126578426897,0
BananaSlamJamma,170181,Elite,0,Loyal Cultivators,1263,0.007421510039311,0.2048241559927813,0
Dyrus,1474090,Mega,1,Steady Mainstream,1123,0.0007618259400715,0.0008026030368763,1
Mushway,310100,Elite,0,Loyal Cultivators,2638,0.0085069332473395,4.112741992256248,0
bazattak007,391413,Elite,1,Steady Mainstream,1630,0.0041643992406997,3.6912286728501087,0
IFrostBolt,199618,Elite,1,Steady Mainstream,897,0.0044935827430392,0.6306806097128678,0
Kandyland,405554,Elite,1,Steady Mainstream,1748,0.004310153518397,2.3320537206755434,0
감블러 (9ambler),144116,Elite,1,Steady Mainstream,1692,0.011740542340892,0.8681825781641865,0
Sco,375911,Elite,1,Steady Mainstream,1790,0.0047617654178781,0.5627145085803432,0
ProfessorBroman,732192,Large,1,Steady Mainstream,955,0.0013043026965604,0.1468878326381479,0
Paoloidolo,183900,Elite,1,Steady Mainstream,1205,0.0065524741707449,0.4629900491547776,0
1PVCS,71596,Elite,1,Steady Mainstream,2256,0.0315101402312978,0.5908238135042259,0
강퀴 (kangqui),57130,Elite,1,Steady Mainstream,1400,0.0245055137405916,0.1608177020974679,0
AkTep,222796,Elite,0,Loyal Cultivators,1541,0.0069166412323381,0.5485430218414512,0
햇살살 (hatsalsal),77861,Elite,0,Loyal Cultivators,1302,0.0167221073451407,0.2161458333333333,0
PardonMyTake,143916,Elite,1,Steady Mainstream,6728,0.0467494927596653,5.720206841686555,0
Sweet_Anita,972070,Large,1,Steady Mainstream,2690,0.0027672904214717,8.855260416666667,0
Draineo,102225,Elite,1,Steady Mainstream,1169,0.0114355588163365,0.5294492122970305,0
Cerbero_Podcast,179420,Elite,1,Steady Mainstream,2647,0.0147530933006353,2.3261029411764707,0
cellinrj,245715,Elite,0,Loyal Cultivators,1711,0.0069633518507213,1.387742338961851,0
SkyshockTV,114154,Elite,0,Loyal Cultivators,1605,0.0140599540970969,0.3499443118536197,0
Evangelion0,120494,Elite,0,Loyal Cultivators,1777,0.0147476222882467,0.3307292578968879,0
AnthonyZ,199617,Elite,1,Steady Mainstream,1216,0.0060916655395081,0.1979275491570051,0
mokrivskyi,308815,Elite,0,Loyal Cultivators,5864,0.0189887149264122,11.215938018815717,0
CaMaK,151886,Elite,1,Steady Mainstream,1759,0.0115810542117114,0.0867296137339055,0
Uthenera,411346,Elite,0,Loyal Cultivators,2106,0.0051197775109032,1.2890868021942563,0
Corobizar,272635,Elite,1,Steady Mainstream,1787,0.0065545509564069,1.0192979297929794,0
roflgator,106365,Elite,1,Steady Mainstream,1281,0.0120434353405725,0.4191416463799477,0
QuarterJade,277256,Elite,1,Steady Mainstream,2286,0.0082450875724961,2.697676669893514,0
kutcherlol,198818,Elite,1,Steady Mainstream,1093,0.0054974901668862,0.2611835433869332,0
DieHahn,231584,Elite,1,Steady Mainstream,1229,0.005306929666989,0.3581843631273745,0
chowh1,113551,Elite,1,Steady Mainstream,980,0.0086304832189941,0.5873235017257609,0
cacho01,269080,Elite,1,Steady Mainstream,2669,0.0099189832020217,4.578589074938238,0
natalan,529357,Large,0,Loyal Cultivators,2240,0.0042315488413301,7.646240290861015,0
DreamHackDota2_RU,203419,Elite,2,Viral Rockets,22356,0.109901238330736,4.927628361858191,0
DuendePablo,514073,Large,1,Steady Mainstream,1101,0.0021417191721798,0.8895416010203316,0
小夜夜 (albislol),146276,Elite,1,Steady Mainstream,706,0.0048264923842598,0.0524690025661318,0
UCCleague,226974,Elite,1,Steady Mainstream,1378,0.006071179958938,0.3571145189593347,0
貝克 (slrabbit99),106235,Elite,0,Loyal Cultivators,1329,0.012510001411964,0.0221099738579467,0
Stewie2K,875087,Large,1,Steady Mainstream,5296,0.0060519696898708,11.718900343642613,0
jorbs,70609,Elite,0,Loyal Cultivators,1243,0.0176039881601495,0.1749055562629992,0
BlackFIreIce,108895,Elite,0,Loyal Cultivators,1070,0.0098259791542311,0.0437919702814687,0
kurt0411,142446,Elite,1,Steady Mainstream,4083,0.0286634935343919,3.0439936356404136,0
Herdyn,410224,Elite,0,Loyal Cultivators,1180,0.002876477241702,0.7402730375426622,0
Frankkaster,826222,Large,1,Steady Mainstream,4886,0.005913664850367,11.516093623890232,0
SayNoToRage,168463,Elite,1,Steady Mainstream,1010,0.0059953817752266,0.1278406617326948,0
MiltonTPike1,200012,Elite,0,Loyal Cultivators,1845,0.009224446533208,0.3143972669594924,0
H0llyLP,151000,Elite,0,Loyal Cultivators,1116,0.0073907284768211,0.0907458352437719,0
MarkitoNavaja,665430,Large,2,Viral Rockets,5070,0.0076191334926288,22.59109468497008,0
RobertoCein,730326,Large,1,Steady Mainstream,1270,0.0017389494554486,3.705240098142306,0
KVYZEE,127963,Elite,1,Steady Mainstream,849,0.0066347303517423,0.4635103354375541,0
MarketTradersTV,30413,Elite,4,Grinding Warriors,297,0.0097655607799296,0.0241999939905651,0
Flambass,71953,Elite,0,Loyal Cultivators,1138,0.0158158798104318,0.2064342957935503,0
Aa9skillz,502696,Large,0,Loyal Cultivators,2885,0.0057390550153571,2.911981237891302,0
Limmy,207508,Elite,0,Loyal Cultivators,1641,0.0079081288432253,1.5040066225165565,0
SparkofPhoenixTV,433078,Elite,1,Steady Mainstream,1462,0.0033758352998766,2.1126406926406927,0
kyliebitkin,85336,Elite,1,Steady Mainstream,1142,0.0133823943001781,0.2017492253990665,0
CoconutB,188378,Elite,0,Loyal Cultivators,1171,0.0062162248245548,0.5095989882919267,0
FanHOTS,64587,Elite,0,Loyal Cultivators,1090,0.0168764612073637,0.2077146042363433,0
Pelegrino1993,80566,Elite,1,Steady Mainstream,1074,0.0133306854007894,0.5015014317777262,0
Killars,46971,Elite,1,Steady Mainstream,642,0.0136680079197802,0.0746074664389734,0
Weak3n,188176,Elite,0,Loyal Cultivators,1260,0.0066958591956466,0.260050229496839,0
Tourva,287553,Elite,0,Loyal Cultivators,1185,0.0041209794368342,1.5715774963384164,0
wintergaming,260779,Elite,1,Steady Mainstream,719,0.0027571238481626,0.0710579454540807,0
Vicens,730679,Large,2,Viral Rockets,5739,0.0078543382251303,27.732912119471568,0
PainLivestream,435872,Elite,1,Steady Mainstream,1635,0.0037511012407312,0.9091506544138124,0
monkeys_forever,79270,Elite,0,Loyal Cultivators,1563,0.0197174214709221,0.4266592095451156,0
Kaydop,193058,Elite,1,Steady Mainstream,2268,0.0117477649203866,1.8110751195434207,0
しゃるる (syaruru3),33726,Elite,0,Loyal Cultivators,1309,0.0388127853881278,0.0931198615318044,0
primeleague,73409,Elite,0,Loyal Cultivators,4427,0.0603059570352409,2.3340216322517207,0
LRojo_,100767,Elite,1,Steady Mainstream,1192,0.0118292695029126,0.738726611926235,0
trihex,431935,Elite,1,Steady Mainstream,1157,0.0026786437774202,0.2442332222359379,0
Spaceboy,135311,Elite,1,Steady Mainstream,1107,0.008181153047424,0.2198918831036865,0
Froggen,770030,Large,0,Loyal Cultivators,3024,0.0039271197226082,0.680796403339756,0
BotanicX,34119,Elite,0,Loyal Cultivators,1937,0.0567718866320818,0.1611309398838267,0
dinablin,293748,Elite,1,Steady Mainstream,2413,0.0082145240137805,3.9411204205684247,0
RiceGum,903261,Large,2,Viral Rockets,11696,0.0129486383226996,31.575284552845527,0
ipav999,163956,Elite,0,Loyal Cultivators,737,0.0044951084437288,0.4319122257053291,0
Lutti,226344,Elite,1,Steady Mainstream,1153,0.0050940161877496,1.8318874691773144,0
kragiee,234312,Elite,1,Steady Mainstream,1137,0.0048525043531701,0.5412831241283124,0
Puppers,171425,Elite,0,Loyal Cultivators,1458,0.0085051771911914,0.6551143567118008,0
Crayator,599828,Large,0,Loyal Cultivators,1796,0.0029941916682782,2.3614847335861104,0
MANvsGAME,510330,Large,0,Loyal Cultivators,2103,0.0041208629710187,0.0355150133029266,0
TheRealMarzaa,495558,Elite,1,Steady Mainstream,1505,0.0030369805350735,2.775391065957104,0
foggedftw2,242205,Elite,1,Steady Mainstream,1220,0.0050370553869655,0.9805238415043652,0
Linkus7,96728,Elite,1,Steady Mainstream,1121,0.0115891985774543,0.3438216089688308,0
Arcadum,120586,Elite,1,Steady Mainstream,992,0.008226493954522,0.5838307349665924,0
ImMarksman,633443,Large,1,Steady Mainstream,1889,0.0029821152021571,1.96427741185587,0
LightFuryLF,51589,Elite,1,Steady Mainstream,1169,0.0226598693519936,0.2934285585949782,0
BarcaGamer,636568,Large,1,Steady Mainstream,1234,0.0019385203151902,4.588115251118638,0
EFEUYGAC,358498,Elite,0,Loyal Cultivators,3700,0.0103208386099782,7.63852480082241,0
Xnapycz,94551,Elite,0,Loyal Cultivators,1572,0.0166259479011327,0.5057745917960972,0
SilentSentry,301633,Elite,1,Steady Mainstream,1085,0.0035970865256785,0.1076097328244274,0
球球 (lilballzlolz),118276,Elite,0,Loyal Cultivators,1724,0.0145760762961209,0.1260142280330705,0
DaigoTheBeasTV,173271,Elite,1,Steady Mainstream,2225,0.0128411563389141,0.7355584528465885,0
UncleBjorn,111003,Elite,0,Loyal Cultivators,975,0.008783546390638,0.1966840992544787,0
AnniTheDuck,460463,Elite,0,Loyal Cultivators,2533,0.0055009848782638,4.945697106350996,0
StRoGo,272944,Elite,1,Steady Mainstream,4621,0.0169302127909021,8.791288072145653,0
재슥짱 (pikra10),77376,Elite,0,Loyal Cultivators,1068,0.0138027295285359,0.3424015462672143,0
貝莉莓 (beryl_lulu),156726,Elite,1,Steady Mainstream,1739,0.0110957977616987,0.6040004878643737,0
purple_hs,88792,Elite,0,Loyal Cultivators,1149,0.0129403549869357,0.1685895715946695,0
Harmii,333858,Elite,1,Steady Mainstream,1159,0.0034715358026466,1.450546800998881,0
Zerkaa,529504,Large,0,Loyal Cultivators,2571,0.0048554873995286,7.327843137254902,0
iklooode25,418710,Elite,1,Steady Mainstream,7265,0.0173509111318096,16.588717228464418,0
聶寶 (nielnieh345),93991,Elite,1,Steady Mainstream,728,0.0077454224340628,0.1007553154315512,0
akagreenn,117916,Elite,1,Steady Mainstream,2902,0.0246107398487058,2.225988372093023,0
Spraggy,99807,Elite,1,Steady Mainstream,1674,0.0167723706754035,0.434552920267206,0
TpaBoMaH,151266,Elite,0,Loyal Cultivators,1531,0.0101212433726019,0.9272215912163988,0
Day9tv,496790,Elite,0,Loyal Cultivators,2140,0.0043076551460375,0.2068837209302325,0
Sologesang,58531,Elite,0,Loyal Cultivators,1072,0.0183150808973022,0.2112164681092471,0
karavay46,354734,Elite,1,Steady Mainstream,4037,0.0113803582402588,9.137267362687243,0
RaulZitoYT,78971,Elite,1,Steady Mainstream,839,0.010624153170151,0.5836680359044576,0
JonBams,309837,Elite,0,Loyal Cultivators,1522,0.0049122603175217,0.852504784419678,0
Japan_ASMR,67707,Elite,4,Grinding Warriors,271,0.0040025403577178,0.0640590970628053,0
OuterHeaven,137954,Elite,1,Steady Mainstream,1101,0.007980921176624,0.0837853555379328,0
Yamikazexz,201657,Elite,1,Steady Mainstream,1643,0.0081474979792419,2.1627064035441,0
aircool,153703,Elite,1,Steady Mainstream,964,0.0062718359433452,0.94154855335598,0
Lapi,130323,Elite,1,Steady Mainstream,789,0.0060541884394926,0.0990382934079384,0
robn_live,66223,Elite,1,Steady Mainstream,656,0.0099059239237123,0.4790520049421543,0
과로사1 (aram4519),301329,Elite,1,Steady Mainstream,1592,0.0052832618168181,2.2018389113644723,0
Ezekiel_III,190452,Elite,1,Steady Mainstream,1190,0.0062482935332787,0.0816179816179816,0
RebeuDeter,215360,Elite,0,Loyal Cultivators,7141,0.0331584323922734,10.487736358725014,0
nookyyy,206681,Elite,1,Steady Mainstream,683,0.0033046095190172,0.5293325291515882,0
BrookeAB,737161,Large,1,Steady Mainstream,2777,0.0037671553432696,5.078226054819834,0
innocents,534759,Large,1,Steady Mainstream,1557,0.0029115919507666,3.3307077216851653,0
RealKraftyy,710277,Large,1,Steady Mainstream,1235,0.0017387582591017,0.1952203343003177,0
rhobalas_lol,100599,Elite,1,Steady Mainstream,779,0.0077436157417071,0.4009586131680156,0
veloxey,252913,Elite,1,Steady Mainstream,1273,0.0050333513896082,2.0327465583389754,0
ArQuel,285920,Elite,1,Steady Mainstream,1122,0.0039241745942921,0.387862388867414,0
ElOjoNinja,273504,Elite,1,Steady Mainstream,1484,0.0054258804258804,1.6287978541819068,0
Bamboe,86644,Elite,1,Steady Mainstream,1075,0.0124070910853607,0.2131516986209216,0
Sonecarox,87530,Elite,0,Loyal Cultivators,569,0.0065006283559922,0.088952869750266,0
MuTeX,200619,Elite,1,Steady Mainstream,824,0.0041072879438138,0.7657367596573676,0
RayNarvaezJr,528396,Large,0,Loyal Cultivators,1589,0.003007214286255,0.351891531989589,0
Tanovich,296560,Elite,1,Steady Mainstream,1434,0.0048354464526571,2.441250765036444,0
Zalae,170668,Elite,0,Loyal Cultivators,1351,0.007915953781611,0.2472792337648668,0
KheZu,122158,Elite,1,Steady Mainstream,991,0.0081124445390396,0.2313956753720865,0
mandiocaa1,312944,Elite,0,Loyal Cultivators,4355,0.0139162278235083,1.000202122283982,0
스피드소닉 (dragon3652),35503,Elite,0,Loyal Cultivators,529,0.0149001492831591,0.0477452491011813,0
RiotGamesOCE,149775,Elite,1,Steady Mainstream,3076,0.0205374728759806,1.6079236977256053,0
Videoyun,375697,Elite,1,Steady Mainstream,1030,0.0027415710000346,0.690461713081195,0
AlcastHQ,81928,Elite,0,Loyal Cultivators,4680,0.0571233278000195,0.8504411001556824,0
julien,511861,Large,1,Steady Mainstream,1685,0.0032919093269461,2.1973669571666976,0
iGeStarK,244437,Elite,1,Steady Mainstream,1282,0.0052447051796577,2.916506198477125,0
Ziqoftw,198304,Elite,1,Steady Mainstream,1293,0.0065202920768113,0.3549383695709676,0
CyrusTWO,96691,Elite,0,Loyal Cultivators,1027,0.010621464252102,0.1973455127454425,0
칸데르니아 (jmjdoc),30877,Elite,0,Loyal Cultivators,756,0.0244842439356155,0.0556111550054136,0
CouRageJD,2115596,Mega,1,Steady Mainstream,8717,0.0041203519008355,8.596288365453248,1
YoMax,273980,Elite,1,Steady Mainstream,2051,0.0074859478794072,2.209660842754368,0
JeffHoogland,68914,Elite,0,Loyal Cultivators,1070,0.0155265983689816,0.0641414807971492,0
Call of Duty (callofduty),968465,Large,2,Viral Rockets,19897,0.0205448828816735,13.805486968449932,0
GoBGG,229586,Elite,0,Loyal Cultivators,1400,0.0060979328007805,0.4019411193788418,0
Wackyjacky101,209700,Elite,1,Steady Mainstream,1012,0.0048259418216499,0.5585145970000384,0
TaKeTV,227062,Elite,1,Steady Mainstream,829,0.0036509851934713,0.1200589562894385,0
iceiceice,183960,Elite,0,Loyal Cultivators,3107,0.0168895412046096,1.5394060460780397,0
StarCraft,342409,Elite,1,Steady Mainstream,6636,0.0193803317085707,1.49023569023569,0
MadDecentLive,95371,Elite,1,Steady Mainstream,3069,0.0321795933774417,2.243048694424841,0
WillerZ,79392,Elite,1,Steady Mainstream,872,0.0109834744054816,0.515055692606713,0
SoyPan,343191,Elite,1,Steady Mainstream,954,0.0027797931763944,1.2196476964769647,0
murilo_RT,70814,Elite,4,Grinding Warriors,315,0.004448272940379,0.145691552395463,0
Multiplayerit,58786,Elite,1,Steady Mainstream,1053,0.0179124281291463,0.1578782593139228,0
Markstrom,93045,Elite,1,Steady Mainstream,915,0.0098339513138803,0.3308666291502532,0
Krayn_Live,125775,Elite,0,Loyal Cultivators,918,0.007298747763864,0.1501167542323409,0
西門夜說 (westdoor),272662,Elite,0,Loyal Cultivators,1165,0.0042726892636304,0.1550268188694815,0
Sintica,160387,Elite,1,Steady Mainstream,1207,0.0075255475817865,1.1698560809742211,0
FantaBobShow,348598,Elite,0,Loyal Cultivators,1936,0.0055536750067412,1.316845878136201,0
ops1x,268942,Elite,1,Steady Mainstream,1457,0.0054175249682087,3.7252143328204,0
wingz,85695,Elite,0,Loyal Cultivators,1347,0.0157185366707509,0.3551097449172194,0
ZLOYn,294277,Elite,1,Steady Mainstream,2603,0.0088454075581849,5.773329270769856,0
HunterGodBr,258876,Elite,1,Steady Mainstream,1737,0.0067097761090251,2.840259159964254,0
leplol1,157981,Elite,1,Steady Mainstream,1444,0.0091403396610984,0.927088567212984,0
sacy,206184,Elite,1,Steady Mainstream,1304,0.0063244480658053,1.2127703611714789,0
헤징 (hejin0_0),123451,Elite,0,Loyal Cultivators,1017,0.0082380863662505,0.5735669169348111,0
Naru,344859,Elite,0,Loyal Cultivators,3045,0.0088296956147294,3.1080728185812934,0
Warcraft,593564,Large,0,Loyal Cultivators,13741,0.0231499888807272,3.167216391804098,0
FlexZ,155382,Elite,1,Steady Mainstream,897,0.0057728694443371,1.1673986928104576,0
DizzyKitten,613135,Large,1,Steady Mainstream,1584,0.0025834441028484,0.6823096129837702,0
지수소녀 (wltn4765),99600,Elite,1,Steady Mainstream,980,0.0098393574297188,0.5081599164615499,0
Staryuuki,586475,Large,0,Loyal Cultivators,1467,0.0025013853957969,6.883515057113188,0
CeMka,86502,Elite,1,Steady Mainstream,979,0.0113176573952047,0.2000542740841248,0
Halifax,228316,Elite,1,Steady Mainstream,793,0.0034732563639867,0.3266853582554517,0
Bidule,82570,Elite,0,Loyal Cultivators,2052,0.0248516410318517,1.0574150989494258,0
Gabi,271202,Elite,1,Steady Mainstream,2174,0.0080161650725289,2.8142407057340897,0
Hype,145476,Elite,1,Steady Mainstream,1674,0.0115070527097253,1.2424365108575637,0
Gigz,254401,Elite,1,Steady Mainstream,1136,0.0044653912523928,0.4466230936819172,0
매직박 (yagubu),59697,Elite,1,Steady Mainstream,1666,0.0279076000469035,0.8084334618000454,0
richwcampbell,108410,Elite,1,Steady Mainstream,1878,0.0173231251729545,0.821840561041935,0
ESL_CSGO_FR,193614,Elite,1,Steady Mainstream,2570,0.0132738335037755,0.4892203771460737,0
양아지 (dkwl025),220819,Elite,1,Steady Mainstream,1237,0.0056018730272304,1.108305519276351,0
Cizzorz,1866339,Mega,1,Steady Mainstream,1891,0.0010132135694533,3.906845708267509,1
RyuQuezacotl,79063,Elite,0,Loyal Cultivators,976,0.0123445859630927,0.078556668256239,0
Sigma,61206,Elite,1,Steady Mainstream,798,0.013037937457112,0.5718464544062517,0
Robbaz,229652,Elite,0,Loyal Cultivators,1427,0.0062137494992423,0.2757275935890759,0
mailand,86561,Elite,0,Loyal Cultivators,1400,0.0161735654625062,0.3638404420652737,0
Buozzi,75290,Elite,0,Loyal Cultivators,872,0.0115818833842475,0.2769688692789859,0
HeyarTV,124479,Elite,0,Loyal Cultivators,786,0.006314318077748,0.1136480411046885,0
LenaGol0vach,274237,Elite,0,Loyal Cultivators,4159,0.0151657143273883,1.3543528632903012,0
Sinner666,7102,Elite,3,Unicorns,4530,0.6378484933821459,0.2867353119321623,0
TommyKayLIVE,127770,Elite,0,Loyal Cultivators,1124,0.0087970572121781,0.5427408537995467,0
TMemoryy,171107,Elite,0,Loyal Cultivators,924,0.0054001297433769,0.4963968107942349,0
Patriota,646758,Large,1,Steady Mainstream,1951,0.0030165842556257,5.352818598864785,0
러너교 (runner0608),164902,Elite,1,Steady Mainstream,2434,0.01476028186438,1.1175144453916832,0
zorlaKOKA,361102,Elite,0,Loyal Cultivators,1247,0.0034533178990977,0.8337631184407797,0
Hitch,96343,Elite,0,Loyal Cultivators,875,0.0090821336267294,0.2319033641905622,0
calango,767187,Large,0,Loyal Cultivators,1736,0.0022628120653764,4.185132919962939,0
Adin2Huncho,199880,Elite,1,Steady Mainstream,1470,0.0073544126475885,2.505268022181146,0
SlotRoom247,69183,Elite,4,Grinding Warriors,326,0.0047121402656722,0.1848929909042268,0
ALLinPav,71579,Elite,1,Steady Mainstream,850,0.0118749912683887,0.1550522648083623,0
Surefour,331662,Elite,0,Loyal Cultivators,2289,0.0069016046456935,0.8842035939411045,0
NumotTheNummy,103069,Elite,0,Loyal Cultivators,1118,0.0108471024265298,0.0759463796846974,0
aminematue,124232,Elite,0,Loyal Cultivators,4016,0.0323266147208448,4.047342519685039,0
CallMeCarsonLIVE,1151712,Mega,2,Viral Rockets,8208,0.0071267816954238,51.05355648535565,1
ZiggyDLive,173807,Elite,1,Steady Mainstream,1227,0.007059554563395,0.1604743880898309,0
KEEMSTAR,146035,Elite,3,Unicorns,35333,0.2419488478789331,13.381529581529582,0
크캣66 (crazzyccat),35930,Elite,0,Loyal Cultivators,644,0.0179237406067353,0.1288982259570494,0
RelaxBeats,166162,Elite,4,Grinding Warriors,235,0.0014142824472502,0.0567573787469075,0
LAGTVMaximusBlack,256353,Elite,1,Steady Mainstream,725,0.0028281315217688,0.0820317578233819,0
Destructoid,48007,Elite,1,Steady Mainstream,1190,0.0247880517424542,0.0873131430790137,0
LITkillah,601927,Large,2,Viral Rockets,9104,0.0151247576533367,41.49638643067846,0
빅헤드 (bighead033),213212,Elite,1,Steady Mainstream,793,0.0037193028534979,0.3417581699346405,0
마스카 (newmasca),109068,Elite,1,Steady Mainstream,567,0.0051985917042578,-0.0227312451129202,0
AndyMilonakis,547446,Large,1,Steady Mainstream,1153,0.002106143802311,1.0416821805336771,0
Remx,178553,Elite,1,Steady Mainstream,1205,0.0067486964654752,0.5992337164750958,0
